dataset,chr,snp_pos,snp_p,gene_start,gene_end,gene_id,gene_name,gene_biotype,within_gene
full,1,22086731,3.49957e-5,22093841,22189794,ENSBTAG00000052575,,lncRNA,FALSE
full,1,22114990,5.1403e-5,22093841,22189794,ENSBTAG00000052575,,lncRNA,TRUE
full,1,22121834,5.1403e-5,22093841,22189794,ENSBTAG00000052575,,lncRNA,TRUE
full,1,22132505,4.41945e-5,22093841,22189794,ENSBTAG00000052575,,lncRNA,TRUE
full,1,22136926,4.41945e-5,22093841,22189794,ENSBTAG00000052575,,lncRNA,TRUE
full,1,22140297,4.41945e-5,22093841,22189794,ENSBTAG00000052575,,lncRNA,TRUE
full,1,22144608,4.41945e-5,22093841,22189794,ENSBTAG00000052575,,lncRNA,TRUE
full,1,22160980,4.41945e-5,22093841,22189794,ENSBTAG00000052575,,lncRNA,TRUE
full,3,33399090,7.07838e-5,33374163,33393926,ENSBTAG00000020964,STRIP1,protein_coding,FALSE
full,3,33399090,7.07838e-5,33403800,33444827,ENSBTAG00000018893,AHCYL1,protein_coding,FALSE
full,3,33417997,6.81399e-5,33403800,33444827,ENSBTAG00000018893,AHCYL1,protein_coding,TRUE
full,3,77481790,3.05065e-5,77489268,77629921,ENSBTAG00000054533,GNG12,protein_coding,FALSE
full,3,106342074,5.64799e-5,106328186,106344433,ENSBTAG00000047314,PPIE,protein_coding,TRUE
full,3,106343454,4.27017e-5,106328186,106344433,ENSBTAG00000047314,PPIE,protein_coding,TRUE
full,3,106352237,7.16262e-5,106328186,106344433,ENSBTAG00000047314,PPIE,protein_coding,FALSE
full,3,107953247,3.46928e-5,107941137,107957939,ENSBTAG00000002306,UTP11,protein_coding,TRUE
full,3,107953247,3.46928e-5,107959452,107967135,ENSBTAG00000007300,FHL3,protein_coding,FALSE
full,3,107997606,2.77036e-5,107971020,107997728,ENSBTAG00000007299,SF3A3,protein_coding,TRUE
full,3,107997606,2.77036e-5,107994077,107996107,ENSBTAG00000053523,,protein_coding,FALSE
full,3,108112216,1.11356e-5,108063039,108103478,ENSBTAG00000006511,MTF1,protein_coding,FALSE
full,3,108112216,1.11356e-5,108107987,108109056,ENSBTAG00000045776,C3H1orf122,protein_coding,FALSE
full,3,108112216,1.11356e-5,108109004,108114061,ENSBTAG00000006510,YRDC,protein_coding,TRUE
full,3,108112216,1.11356e-5,108113644,108120963,ENSBTAG00000046989,MANEAL,protein_coding,FALSE
full,3,108180261,4.55981e-5,108149712,108190353,ENSBTAG00000020510,EPHA10,protein_coding,TRUE
full,3,108190249,4.23434e-5,108149712,108190353,ENSBTAG00000020510,EPHA10,protein_coding,TRUE
full,3,108190249,4.23434e-5,108198136,108213207,ENSBTAG00000014326,CDCA8,protein_coding,FALSE
full,3,108352625,1.1615e-5,108338106,108355571,ENSBTAG00000016852,SNIP1,protein_coding,TRUE
full,3,108393159,1.13616e-5,108368074,108392514,ENSBTAG00000010506,MEAF6,protein_coding,FALSE
full,3,108393159,1.13616e-5,108403027,108412520,ENSBTAG00000011316,ZC3H12A,protein_coding,FALSE
full,3,109976082,6.45277e-5,109947115,109977492,ENSBTAG00000015220,AGO4,protein_coding,TRUE
full,4,68089202,6.6315e-5,67992971,68321145,ENSBTAG00000019024,JAZF1,protein_coding,TRUE
full,4,68100475,6.66617e-5,67992971,68321145,ENSBTAG00000019024,JAZF1,protein_coding,TRUE
full,4,68103259,2.51472e-5,67992971,68321145,ENSBTAG00000019024,JAZF1,protein_coding,TRUE
full,4,114688761,6.04141e-5,114599696,114852530,ENSBTAG00000024199,KMT2C,protein_coding,TRUE
full,4,114688803,1.5431e-5,114599696,114852530,ENSBTAG00000024199,KMT2C,protein_coding,TRUE
full,5,14633691,2.85026e-5,14559465,14897805,ENSBTAG00000027900,LRRIQ1,protein_coding,TRUE
full,5,14638005,1.59633e-5,14559465,14897805,ENSBTAG00000027900,LRRIQ1,protein_coding,TRUE
full,5,14644077,2.72247e-5,14559465,14897805,ENSBTAG00000027900,LRRIQ1,protein_coding,TRUE
full,5,14645805,2.72247e-5,14559465,14897805,ENSBTAG00000027900,LRRIQ1,protein_coding,TRUE
full,5,14649402,2.0297e-5,14559465,14897805,ENSBTAG00000027900,LRRIQ1,protein_coding,TRUE
full,5,14650481,2.72247e-5,14559465,14897805,ENSBTAG00000027900,LRRIQ1,protein_coding,TRUE
full,5,14661935,9.90083e-6,14559465,14897805,ENSBTAG00000027900,LRRIQ1,protein_coding,TRUE
full,5,14664309,1.08942e-5,14559465,14897805,ENSBTAG00000027900,LRRIQ1,protein_coding,TRUE
full,5,14665623,7.38005e-6,14559465,14897805,ENSBTAG00000027900,LRRIQ1,protein_coding,TRUE
full,5,14666609,5.29572e-6,14559465,14897805,ENSBTAG00000027900,LRRIQ1,protein_coding,TRUE
full,5,14805981,3.68086e-5,14559465,14897805,ENSBTAG00000027900,LRRIQ1,protein_coding,TRUE
full,5,14638005,1.59633e-5,14646149,14673174,ENSBTAG00000047203,TSPAN19,protein_coding,FALSE
full,5,14644077,2.72247e-5,14646149,14673174,ENSBTAG00000047203,TSPAN19,protein_coding,FALSE
full,5,14645805,2.72247e-5,14646149,14673174,ENSBTAG00000047203,TSPAN19,protein_coding,FALSE
full,5,14649402,2.0297e-5,14646149,14673174,ENSBTAG00000047203,TSPAN19,protein_coding,TRUE
full,5,14650481,2.72247e-5,14646149,14673174,ENSBTAG00000047203,TSPAN19,protein_coding,TRUE
full,5,14661935,9.90083e-6,14646149,14673174,ENSBTAG00000047203,TSPAN19,protein_coding,TRUE
full,5,14664309,1.08942e-5,14646149,14673174,ENSBTAG00000047203,TSPAN19,protein_coding,TRUE
full,5,14665623,7.38005e-6,14646149,14673174,ENSBTAG00000047203,TSPAN19,protein_coding,TRUE
full,5,14666609,5.29572e-6,14646149,14673174,ENSBTAG00000047203,TSPAN19,protein_coding,TRUE
full,5,17112468,5.94802e-8,17119778,17120428,ENSBTAG00000020784,,processed_pseudogene,FALSE
full,5,17114333,5.94802e-8,17119778,17120428,ENSBTAG00000020784,,processed_pseudogene,FALSE
full,5,17115279,5.2105e-8,17119778,17120428,ENSBTAG00000020784,,processed_pseudogene,FALSE
full,5,17119922,5.2105e-8,17119778,17120428,ENSBTAG00000020784,,processed_pseudogene,TRUE
full,5,17120412,4.14078e-8,17119778,17120428,ENSBTAG00000020784,,processed_pseudogene,TRUE
full,5,17127925,5.07561e-5,17119778,17120428,ENSBTAG00000020784,,processed_pseudogene,FALSE
full,5,17790219,1.17986e-6,17797032,17820349,ENSBTAG00000018180,C5H12orf50,protein_coding,FALSE
full,5,17798423,1.40497e-7,17797032,17820349,ENSBTAG00000018180,C5H12orf50,protein_coding,TRUE
full,5,17828045,2.09941e-6,17797032,17820349,ENSBTAG00000018180,C5H12orf50,protein_coding,FALSE
full,5,17828045,2.09941e-6,17826548,17837426,ENSBTAG00000018743,C5H12orf29,protein_coding,TRUE
full,5,17830803,2.46285e-6,17826548,17837426,ENSBTAG00000018743,C5H12orf29,protein_coding,TRUE
full,5,17832805,2.39072e-6,17826548,17837426,ENSBTAG00000018743,C5H12orf29,protein_coding,TRUE
full,5,17833896,2.39072e-6,17826548,17837426,ENSBTAG00000018743,C5H12orf29,protein_coding,TRUE
full,5,17840553,1.35683e-6,17826548,17837426,ENSBTAG00000018743,C5H12orf29,protein_coding,FALSE
full,5,17847420,1.32146e-8,17826548,17837426,ENSBTAG00000018743,C5H12orf29,protein_coding,FALSE
full,5,17828045,2.09941e-6,17836747,17895641,ENSBTAG00000018745,CEP290,protein_coding,FALSE
full,5,17830803,2.46285e-6,17836747,17895641,ENSBTAG00000018745,CEP290,protein_coding,FALSE
full,5,17832805,2.39072e-6,17836747,17895641,ENSBTAG00000018745,CEP290,protein_coding,FALSE
full,5,17833896,2.39072e-6,17836747,17895641,ENSBTAG00000018745,CEP290,protein_coding,FALSE
full,5,17840553,1.35683e-6,17836747,17895641,ENSBTAG00000018745,CEP290,protein_coding,TRUE
full,5,17847420,1.32146e-8,17836747,17895641,ENSBTAG00000018745,CEP290,protein_coding,TRUE
full,5,17865454,1.05976e-5,17836747,17895641,ENSBTAG00000018745,CEP290,protein_coding,TRUE
full,5,17897777,1.80615e-6,17836747,17895641,ENSBTAG00000018745,CEP290,protein_coding,FALSE
full,5,17899649,2.05399e-6,17836747,17895641,ENSBTAG00000018745,CEP290,protein_coding,FALSE
full,5,17902402,1.80615e-6,17836747,17895641,ENSBTAG00000018745,CEP290,protein_coding,FALSE
full,5,17840553,1.35683e-6,17849488,17850498,ENSBTAG00000052837,,protein_coding,FALSE
full,5,17847420,1.32146e-8,17849488,17850498,ENSBTAG00000052837,,protein_coding,FALSE
full,5,17897777,1.80615e-6,17897245,17931875,ENSBTAG00000051348,,protein_coding,TRUE
full,5,17899649,2.05399e-6,17897245,17931875,ENSBTAG00000051348,,protein_coding,TRUE
full,5,17902402,1.80615e-6,17897245,17931875,ENSBTAG00000051348,,protein_coding,TRUE
full,5,17909902,3.22155e-6,17897245,17931875,ENSBTAG00000051348,,protein_coding,TRUE
full,5,17928377,1.23105e-8,17897245,17931875,ENSBTAG00000051348,,protein_coding,TRUE
full,5,19210083,1.58886e-5,19213683,19217415,ENSBTAG00000004587,DUSP6,protein_coding,FALSE
full,5,19210083,1.58886e-5,19218534,19243519,ENSBTAG00000051903,,lncRNA,FALSE
full,5,19575580,1.73203e-5,19476824,19607517,ENSBTAG00000009552,ATP2B1,protein_coding,TRUE
full,5,19578039,1.52441e-5,19476824,19607517,ENSBTAG00000009552,ATP2B1,protein_coding,TRUE
full,5,22023908,1.13378e-7,22012139,22016602,ENSBTAG00000020330,BTG1,protein_coding,FALSE
full,5,22023908,1.13378e-7,22018683,22029127,ENSBTAG00000051951,,lncRNA,TRUE
full,5,22990023,8.66072e-6,22978119,23029637,ENSBTAG00000054410,,lncRNA,TRUE
full,5,22992471,3.17244e-6,22978119,23029637,ENSBTAG00000054410,,lncRNA,TRUE
full,5,22993892,6.37515e-5,22978119,23029637,ENSBTAG00000054410,,lncRNA,TRUE
full,5,22995543,2.63218e-6,22978119,23029637,ENSBTAG00000054410,,lncRNA,TRUE
full,5,23014882,1.73667e-5,22978119,23029637,ENSBTAG00000054410,,lncRNA,TRUE
full,5,23023551,4.07222e-6,22978119,23029637,ENSBTAG00000054410,,lncRNA,TRUE
full,5,23214493,2.17449e-5,23191702,23208104,ENSBTAG00000007447,NUDT4,protein_coding,FALSE
full,5,23214493,2.17449e-5,23214338,23255510,ENSBTAG00000021767,UBE2N,protein_coding,TRUE
full,5,23237003,3.45839e-5,23214338,23255510,ENSBTAG00000021767,UBE2N,protein_coding,TRUE
full,5,23237379,1.64842e-5,23214338,23255510,ENSBTAG00000021767,UBE2N,protein_coding,TRUE
full,5,23243564,2.33464e-5,23214338,23255510,ENSBTAG00000021767,UBE2N,protein_coding,TRUE
full,5,23237003,3.45839e-5,23237462,23238227,ENSBTAG00000033531,,pseudogene,FALSE
full,5,23237379,1.64842e-5,23237462,23238227,ENSBTAG00000033531,,pseudogene,FALSE
full,5,23243564,2.33464e-5,23237462,23238227,ENSBTAG00000033531,,pseudogene,FALSE
full,5,23475411,7.28871e-5,23473232,23664529,ENSBTAG00000051267,CRADD,protein_coding,TRUE
full,5,23475476,3.58903e-11,23473232,23664529,ENSBTAG00000051267,CRADD,protein_coding,TRUE
full,5,23476748,6.29232e-5,23473232,23664529,ENSBTAG00000051267,CRADD,protein_coding,TRUE
full,5,23478771,7.09991e-5,23473232,23664529,ENSBTAG00000051267,CRADD,protein_coding,TRUE
full,5,23481822,6.29232e-5,23473232,23664529,ENSBTAG00000051267,CRADD,protein_coding,TRUE
full,5,23485486,6.29232e-5,23473232,23664529,ENSBTAG00000051267,CRADD,protein_coding,TRUE
full,5,23487924,6.29232e-5,23473232,23664529,ENSBTAG00000051267,CRADD,protein_coding,TRUE
full,5,23506399,2.41629e-5,23473232,23664529,ENSBTAG00000051267,CRADD,protein_coding,TRUE
full,5,23510833,1.07942e-7,23473232,23664529,ENSBTAG00000051267,CRADD,protein_coding,TRUE
full,5,23513901,1.07942e-7,23473232,23664529,ENSBTAG00000051267,CRADD,protein_coding,TRUE
full,5,23539816,3.11975e-5,23473232,23664529,ENSBTAG00000051267,CRADD,protein_coding,TRUE
full,5,23548641,7.00742e-5,23473232,23664529,ENSBTAG00000051267,CRADD,protein_coding,TRUE
full,5,23556721,5.09733e-5,23473232,23664529,ENSBTAG00000051267,CRADD,protein_coding,TRUE
full,5,23565515,5.71739e-5,23473232,23664529,ENSBTAG00000051267,CRADD,protein_coding,TRUE
full,5,23606184,6.79954e-8,23473232,23664529,ENSBTAG00000051267,CRADD,protein_coding,TRUE
full,5,24037117,2.08961e-5,23915775,24071389,ENSBTAG00000011245,PLXNC1,protein_coding,TRUE
full,5,24038945,4.62693e-5,23915775,24071389,ENSBTAG00000011245,PLXNC1,protein_coding,TRUE
full,5,24041394,7.46637e-7,23915775,24071389,ENSBTAG00000011245,PLXNC1,protein_coding,TRUE
full,5,24049514,4.62693e-5,23915775,24071389,ENSBTAG00000011245,PLXNC1,protein_coding,TRUE
full,5,24050038,4.62693e-5,23915775,24071389,ENSBTAG00000011245,PLXNC1,protein_coding,TRUE
full,5,24070212,3.70342e-5,23915775,24071389,ENSBTAG00000011245,PLXNC1,protein_coding,TRUE
full,5,24071445,1.91753e-5,23915775,24071389,ENSBTAG00000011245,PLXNC1,protein_coding,FALSE
full,5,24070212,3.70342e-5,24067009,24067513,ENSBTAG00000052916,,protein_coding,FALSE
full,5,24071445,1.91753e-5,24067009,24067513,ENSBTAG00000052916,,protein_coding,FALSE
full,5,24070212,3.70342e-5,24070404,24345243,ENSBTAG00000004484,CEP83,protein_coding,FALSE
full,5,24071445,1.91753e-5,24070404,24345243,ENSBTAG00000004484,CEP83,protein_coding,TRUE
full,5,24324782,1.27721e-5,24070404,24345243,ENSBTAG00000004484,CEP83,protein_coding,TRUE
full,5,24324782,1.27721e-5,24306913,24595494,ENSBTAG00000014375,TMCC3,protein_coding,TRUE
full,5,25126180,6.08143e-5,25092752,25123523,ENSBTAG00000019944,METAP2,protein_coding,FALSE
full,5,25126180,6.08143e-5,25126563,25151506,ENSBTAG00000019946,USP44,protein_coding,FALSE
full,5,25711397,3.1233e-5,25686990,25707964,ENSBTAG00000015604,ZNF385A,protein_coding,FALSE
full,5,25711397,3.1233e-5,25709927,25711851,ENSBTAG00000015592,GPR84,protein_coding,TRUE
full,5,25887432,5.1667e-5,25895898,25903956,ENSBTAG00000049837,,lncRNA,FALSE
full,5,25901549,5.25921e-5,25895898,25903956,ENSBTAG00000049837,,lncRNA,TRUE
full,6,88493833,7.01066e-5,88484915,88503341,ENSBTAG00000017121,ALB,protein_coding,TRUE
full,6,88497883,2.00456e-5,88484915,88503341,ENSBTAG00000017121,ALB,protein_coding,TRUE
full,6,89726256,7.17926e-6,89681975,89731873,ENSBTAG00000004237,BTC,protein_coding,TRUE
full,6,89739084,7.62522e-6,89681975,89731873,ENSBTAG00000004237,BTC,protein_coding,FALSE
full,7,45219424,4.54776e-5,44827999,45259343,ENSBTAG00000017105,FSTL4,protein_coding,TRUE
full,9,42484867,7.03783e-5,42405900,42571799,ENSBTAG00000019175,SOBP,protein_coding,TRUE
full,9,42503781,4.23492e-5,42405900,42571799,ENSBTAG00000019175,SOBP,protein_coding,TRUE
full,9,42507965,3.62497e-5,42405900,42571799,ENSBTAG00000019175,SOBP,protein_coding,TRUE
full,9,42516598,2.83499e-5,42405900,42571799,ENSBTAG00000019175,SOBP,protein_coding,TRUE
full,9,98724066,3.15983e-5,98192795,98722419,ENSBTAG00000011106,PACRG,protein_coding,FALSE
full,11,64825429,4.74566e-5,64808522,64951995,ENSBTAG00000008448,MEIS1,protein_coding,TRUE
full,11,69311363,3.15482e-5,69223339,69424304,ENSBTAG00000054158,LCLAT1,protein_coding,TRUE
full,12,69570311,4.66355e-5,69482002,69666089,ENSBTAG00000032603,,protein_coding,TRUE
full,12,69573722,2.49114e-5,69482002,69666089,ENSBTAG00000032603,,protein_coding,TRUE
full,12,69574939,4.98852e-5,69482002,69666089,ENSBTAG00000032603,,protein_coding,TRUE
full,13,56541774,3.0117e-5,56543258,56546979,ENSBTAG00000050877,,lncRNA,FALSE
full,13,56543382,2.26129e-6,56543258,56546979,ENSBTAG00000050877,,lncRNA,TRUE
full,13,56544996,5.94268e-5,56543258,56546979,ENSBTAG00000050877,,lncRNA,TRUE
full,13,56554756,2.07745e-5,56543258,56546979,ENSBTAG00000050877,,lncRNA,FALSE
full,13,56555620,2.07745e-5,56543258,56546979,ENSBTAG00000050877,,lncRNA,FALSE
full,13,56543382,2.26129e-6,56552858,56590691,ENSBTAG00000020261,CDH26,protein_coding,FALSE
full,13,56544996,5.94268e-5,56552858,56590691,ENSBTAG00000020261,CDH26,protein_coding,FALSE
full,13,56554756,2.07745e-5,56552858,56590691,ENSBTAG00000020261,CDH26,protein_coding,TRUE
full,13,56555620,2.07745e-5,56552858,56590691,ENSBTAG00000020261,CDH26,protein_coding,TRUE
full,13,57380464,5.00367e-5,57363948,57370548,ENSBTAG00000018785,TUBB1,protein_coding,FALSE
full,13,57380464,5.00367e-5,57376272,57378447,ENSBTAG00000050996,,lncRNA,FALSE
full,13,57386185,3.40288e-5,57376272,57378447,ENSBTAG00000050996,,lncRNA,FALSE
full,13,57380464,5.00367e-5,57379569,57390707,ENSBTAG00000018784,CTSZ,protein_coding,TRUE
full,13,57386185,3.40288e-5,57379569,57390707,ENSBTAG00000018784,CTSZ,protein_coding,TRUE
full,13,57391199,7.27963e-5,57379569,57390707,ENSBTAG00000018784,CTSZ,protein_coding,FALSE
full,13,57394025,6.95237e-5,57379569,57390707,ENSBTAG00000018784,CTSZ,protein_coding,FALSE
full,13,57399117,5.92155e-5,57379569,57390707,ENSBTAG00000018784,CTSZ,protein_coding,FALSE
full,13,57400115,6.48027e-5,57379569,57390707,ENSBTAG00000018784,CTSZ,protein_coding,FALSE
full,13,57386185,3.40288e-5,57390695,57401557,ENSBTAG00000018783,NELFCD,protein_coding,FALSE
full,13,57391199,7.27963e-5,57390695,57401557,ENSBTAG00000018783,NELFCD,protein_coding,TRUE
full,13,57394025,6.95237e-5,57390695,57401557,ENSBTAG00000018783,NELFCD,protein_coding,TRUE
full,13,57399117,5.92155e-5,57390695,57401557,ENSBTAG00000018783,NELFCD,protein_coding,TRUE
full,13,57400115,6.48027e-5,57390695,57401557,ENSBTAG00000018783,NELFCD,protein_coding,TRUE
full,13,57906852,4.09167e-5,57899598,57910385,ENSBTAG00000020397,APCDD1L,protein_coding,TRUE
full,13,57937537,1.40069e-5,57923612,57971092,ENSBTAG00000017424,VAPB,protein_coding,TRUE
full,13,57939566,4.58257e-8,57923612,57971092,ENSBTAG00000017424,VAPB,protein_coding,TRUE
full,13,57940287,7.18289e-8,57923612,57971092,ENSBTAG00000017424,VAPB,protein_coding,TRUE
full,13,57958615,2.31436e-7,57923612,57971092,ENSBTAG00000017424,VAPB,protein_coding,TRUE
full,13,57962862,1.39595e-6,57923612,57971092,ENSBTAG00000017424,VAPB,protein_coding,TRUE
full,13,57983514,4.7324e-5,57991890,58045639,ENSBTAG00000018053,RAB22A,protein_coding,FALSE
full,13,57984480,7.49564e-8,57991890,58045639,ENSBTAG00000018053,RAB22A,protein_coding,FALSE
full,13,58513864,6.02056e-5,58486589,58542578,ENSBTAG00000054628,PMEPA1,protein_coding,TRUE
full,13,58517210,6.95606e-5,58486589,58542578,ENSBTAG00000054628,PMEPA1,protein_coding,TRUE
full,13,58521548,3.7337e-6,58486589,58542578,ENSBTAG00000054628,PMEPA1,protein_coding,TRUE
full,13,61113310,3.39939e-5,61107684,61147486,ENSBTAG00000008840,HM13,protein_coding,TRUE
full,15,83418288,8.88731e-6,83416528,83435892,ENSBTAG00000053675,,protein_coding,TRUE
full,17,46339007,2.13226e-5,46316500,46383190,ENSBTAG00000007988,STX2,protein_coding,TRUE
full,17,46370371,5.61176e-5,46316500,46383190,ENSBTAG00000007988,STX2,protein_coding,TRUE
full,17,61433755,4.06726e-5,61409306,61473245,ENSBTAG00000004247,RPH3A,protein_coding,TRUE
full,17,62692818,7.17853e-5,62661593,62686348,ENSBTAG00000009800,MSI1,protein_coding,FALSE
full,17,62762139,3.66504e-5,62749284,62755938,ENSBTAG00000012791,GATC,protein_coding,FALSE
full,17,62762139,3.66504e-5,62757004,62763283,ENSBTAG00000012792,SRSF9,protein_coding,TRUE
full,18,10341924,1.51945e-5,10285040,10339375,ENSBTAG00000012508,OSGIN1,protein_coding,FALSE
full,18,10341924,1.51945e-5,10344784,10382141,ENSBTAG00000040086,SLC38A8,protein_coding,FALSE
full,18,10373239,5.67811e-5,10344784,10382141,ENSBTAG00000040086,SLC38A8,protein_coding,TRUE
full,18,10384482,7.31729e-5,10344784,10382141,ENSBTAG00000040086,SLC38A8,protein_coding,FALSE
full,18,10384482,7.31729e-5,10389617,10434506,ENSBTAG00000010170,MBTPS1,protein_coding,FALSE
full,18,10402654,6.28969e-5,10389617,10434506,ENSBTAG00000010170,MBTPS1,protein_coding,TRUE
full,18,10402654,6.28969e-5,10405697,10405815,ENSBTAG00000037239,5S_rRNA,rRNA,FALSE
full,18,10521343,3.94012e-5,10520491,10581675,ENSBTAG00000049788,WFDC1,protein_coding,TRUE
full,18,10538495,6.81762e-5,10520491,10581675,ENSBTAG00000049788,WFDC1,protein_coding,TRUE
full,18,10538777,6.90564e-5,10520491,10581675,ENSBTAG00000049788,WFDC1,protein_coding,TRUE
full,18,10539117,6.81762e-5,10520491,10581675,ENSBTAG00000049788,WFDC1,protein_coding,TRUE
full,19,48127953,2.37705e-5,48117957,48119752,ENSBTAG00000017220,GH1,protein_coding,FALSE
full,19,48128930,2.20414e-5,48117957,48119752,ENSBTAG00000017220,GH1,protein_coding,FALSE
full,19,48127953,2.37705e-5,48132030,48135645,ENSBTAG00000044204,CD79B,protein_coding,FALSE
full,19,48128930,2.20414e-5,48132030,48135645,ENSBTAG00000044204,CD79B,protein_coding,FALSE
full,19,48372233,5.9858e-5,48366314,48366383,ENSBTAG00000042741,SNORD104,snoRNA,FALSE
full,19,48372920,5.84502e-5,48366314,48366383,ENSBTAG00000042741,SNORD104,snoRNA,FALSE
full,19,48372233,5.9858e-5,48366575,48366709,ENSBTAG00000042398,,snoRNA,FALSE
full,19,48372920,5.84502e-5,48366575,48366709,ENSBTAG00000042398,,snoRNA,FALSE
full,19,48372233,5.9858e-5,48366577,48366709,ENSBTAG00000052685,SNORA50C,snoRNA,FALSE
full,19,48372920,5.84502e-5,48366577,48366709,ENSBTAG00000052685,SNORA50C,snoRNA,FALSE
full,19,48372233,5.9858e-5,48368410,48482779,ENSBTAG00000004723,TEX2,protein_coding,TRUE
full,19,48372920,5.84502e-5,48368410,48482779,ENSBTAG00000004723,TEX2,protein_coding,TRUE
full,19,49045398,3.89429e-5,48997281,49127850,ENSBTAG00000014598,BPTF,protein_coding,TRUE
full,19,49236253,1.12589e-5,49221296,49358241,ENSBTAG00000044065,,protein_coding,TRUE
full,19,49236729,1.05219e-5,49221296,49358241,ENSBTAG00000044065,,protein_coding,TRUE
full,19,59031592,1.24757e-5,59035767,59071340,ENSBTAG00000051578,,lncRNA,FALSE
full,19,59058798,1.09133e-5,59035767,59071340,ENSBTAG00000051578,,lncRNA,TRUE
full,19,59062908,2.64117e-5,59035767,59071340,ENSBTAG00000051578,,lncRNA,TRUE
full,20,2686874,1.07367e-5,2680474,2707201,ENSBTAG00000002779,GABRP,protein_coding,TRUE
full,21,46661710,6.27302e-5,46671142,46698732,ENSBTAG00000049414,,lncRNA,FALSE
full,21,46662528,6.27302e-5,46671142,46698732,ENSBTAG00000049414,,lncRNA,FALSE
full,22,31647147,2.00454e-6,31617620,31843533,ENSBTAG00000006679,MITF,protein_coding,TRUE
full,22,31650963,4.25135e-5,31617620,31843533,ENSBTAG00000006679,MITF,protein_coding,TRUE
full,22,31651707,1.60584e-5,31617620,31843533,ENSBTAG00000006679,MITF,protein_coding,TRUE
full,22,31653105,1.47419e-5,31617620,31843533,ENSBTAG00000006679,MITF,protein_coding,TRUE
full,22,31654821,2.71812e-5,31617620,31843533,ENSBTAG00000006679,MITF,protein_coding,TRUE
full,22,31691401,5.86304e-5,31617620,31843533,ENSBTAG00000006679,MITF,protein_coding,TRUE
full,22,31804937,1.9096e-5,31617620,31843533,ENSBTAG00000006679,MITF,protein_coding,TRUE
full,22,31806033,2.3975e-5,31617620,31843533,ENSBTAG00000006679,MITF,protein_coding,TRUE
full,22,31806743,2.3975e-5,31617620,31843533,ENSBTAG00000006679,MITF,protein_coding,TRUE
full,22,31807382,4.63228e-5,31617620,31843533,ENSBTAG00000006679,MITF,protein_coding,TRUE
full,22,31811185,4.40635e-5,31617620,31843533,ENSBTAG00000006679,MITF,protein_coding,TRUE
full,22,31814374,2.82574e-5,31617620,31843533,ENSBTAG00000006679,MITF,protein_coding,TRUE
full,22,31816957,2.82574e-5,31617620,31843533,ENSBTAG00000006679,MITF,protein_coding,TRUE
full,22,32120539,5.45559e-5,32022449,32381786,ENSBTAG00000007624,FRMD4B,protein_coding,TRUE
full,22,32193088,3.16281e-5,32022449,32381786,ENSBTAG00000007624,FRMD4B,protein_coding,TRUE
full,22,32204981,5.61928e-5,32022449,32381786,ENSBTAG00000007624,FRMD4B,protein_coding,TRUE
full,22,32208077,1.01264e-5,32022449,32381786,ENSBTAG00000007624,FRMD4B,protein_coding,TRUE
full,22,32209610,5.78246e-6,32022449,32381786,ENSBTAG00000007624,FRMD4B,protein_coding,TRUE
full,22,32663366,1.43391e-5,32582496,32789965,ENSBTAG00000003110,TAFA4,protein_coding,TRUE
full,22,32714255,5.98173e-5,32582496,32789965,ENSBTAG00000003110,TAFA4,protein_coding,TRUE
full,22,32718597,4.88682e-6,32582496,32789965,ENSBTAG00000003110,TAFA4,protein_coding,TRUE
full,22,32721303,1.41316e-6,32582496,32789965,ENSBTAG00000003110,TAFA4,protein_coding,TRUE
full,22,32738596,4.73405e-5,32582496,32789965,ENSBTAG00000003110,TAFA4,protein_coding,TRUE
full,22,32740432,4.73405e-5,32582496,32789965,ENSBTAG00000003110,TAFA4,protein_coding,TRUE
full,22,32663366,1.43391e-5,32651367,32773899,ENSBTAG00000049502,,protein_coding,TRUE
full,22,32714255,5.98173e-5,32651367,32773899,ENSBTAG00000049502,,protein_coding,TRUE
full,22,32718597,4.88682e-6,32651367,32773899,ENSBTAG00000049502,,protein_coding,TRUE
full,22,32721303,1.41316e-6,32651367,32773899,ENSBTAG00000049502,,protein_coding,TRUE
full,22,32738596,4.73405e-5,32651367,32773899,ENSBTAG00000049502,,protein_coding,TRUE
full,22,32740432,4.73405e-5,32651367,32773899,ENSBTAG00000049502,,protein_coding,TRUE
full,22,32956941,1.28854e-5,32966389,33471943,ENSBTAG00000019041,TAFA1,protein_coding,FALSE
full,22,32960039,4.21881e-5,32966389,33471943,ENSBTAG00000019041,TAFA1,protein_coding,FALSE
full,22,32963493,8.89867e-6,32966389,33471943,ENSBTAG00000019041,TAFA1,protein_coding,FALSE
full,22,32966194,4.86069e-5,32966389,33471943,ENSBTAG00000019041,TAFA1,protein_coding,FALSE
full,22,32979032,1.20394e-5,32966389,33471943,ENSBTAG00000019041,TAFA1,protein_coding,TRUE
full,22,32979644,8.082e-6,32966389,33471943,ENSBTAG00000019041,TAFA1,protein_coding,TRUE
full,22,32979032,1.20394e-5,32981125,33061928,ENSBTAG00000048492,,protein_coding,FALSE
full,22,32979644,8.082e-6,32981125,33061928,ENSBTAG00000048492,,protein_coding,FALSE
full,22,34085780,3.46175e-5,33859633,34134874,ENSBTAG00000009541,SUCLG2,protein_coding,TRUE
full,22,34088645,3.51589e-5,33859633,34134874,ENSBTAG00000009541,SUCLG2,protein_coding,TRUE
full,22,34110867,2.3903e-5,33859633,34134874,ENSBTAG00000009541,SUCLG2,protein_coding,TRUE
full,22,34121963,4.15646e-5,33859633,34134874,ENSBTAG00000009541,SUCLG2,protein_coding,TRUE
full,22,34125503,5.98225e-5,33859633,34134874,ENSBTAG00000009541,SUCLG2,protein_coding,TRUE
full,22,34128003,3.74044e-5,33859633,34134874,ENSBTAG00000009541,SUCLG2,protein_coding,TRUE
full,22,34128610,4.15646e-5,33859633,34134874,ENSBTAG00000009541,SUCLG2,protein_coding,TRUE
full,23,35324168,2.17845e-5,35332705,35341607,ENSBTAG00000015274,PRL,protein_coding,FALSE
full,23,36362939,4.58417e-7,36224039,36465322,ENSBTAG00000048544,,lncRNA,TRUE
full,23,36410494,1.2674e-5,36224039,36465322,ENSBTAG00000048544,,lncRNA,TRUE
full,23,36411765,2.96903e-5,36224039,36465322,ENSBTAG00000048544,,lncRNA,TRUE
full,23,36443504,2.11224e-5,36224039,36465322,ENSBTAG00000048544,,lncRNA,TRUE
full,23,36461579,1.283e-5,36224039,36465322,ENSBTAG00000048544,,lncRNA,TRUE
full,23,36473573,8.92859e-7,36224039,36465322,ENSBTAG00000048544,,lncRNA,FALSE
full,23,36487089,6.46496e-7,36493500,36516957,ENSBTAG00000050671,,lncRNA,FALSE
full,23,36550807,4.59013e-5,36537388,36573775,ENSBTAG00000049335,,lncRNA,TRUE
full,23,36669032,3.64279e-5,36666891,36669029,ENSBTAG00000053846,,lncRNA,FALSE
full,23,36678589,3.62424e-6,36666891,36669029,ENSBTAG00000053846,,lncRNA,FALSE
full,23,37029429,9.89883e-10,36745642,37444814,ENSBTAG00000025589,CDKAL1,protein_coding,TRUE
full,23,37071156,2.58433e-9,36745642,37444814,ENSBTAG00000025589,CDKAL1,protein_coding,TRUE
full,23,37077780,1.7344e-10,36745642,37444814,ENSBTAG00000025589,CDKAL1,protein_coding,TRUE
full,23,37089590,3.24361e-10,36745642,37444814,ENSBTAG00000025589,CDKAL1,protein_coding,TRUE
full,23,37092596,3.24361e-10,36745642,37444814,ENSBTAG00000025589,CDKAL1,protein_coding,TRUE
full,23,37096876,6.36746e-5,36745642,37444814,ENSBTAG00000025589,CDKAL1,protein_coding,TRUE
full,23,37103659,6.36746e-5,36745642,37444814,ENSBTAG00000025589,CDKAL1,protein_coding,TRUE
full,23,37106836,3.24361e-10,36745642,37444814,ENSBTAG00000025589,CDKAL1,protein_coding,TRUE
full,23,37123086,2.92225e-10,36745642,37444814,ENSBTAG00000025589,CDKAL1,protein_coding,TRUE
full,23,37124333,1.32643e-10,36745642,37444814,ENSBTAG00000025589,CDKAL1,protein_coding,TRUE
full,23,37130694,3.77692e-10,36745642,37444814,ENSBTAG00000025589,CDKAL1,protein_coding,TRUE
full,23,37136970,3.04448e-5,36745642,37444814,ENSBTAG00000025589,CDKAL1,protein_coding,TRUE
full,23,37137667,1.11418e-10,36745642,37444814,ENSBTAG00000025589,CDKAL1,protein_coding,TRUE
full,23,37140128,9.27687e-11,36745642,37444814,ENSBTAG00000025589,CDKAL1,protein_coding,TRUE
full,23,37145893,2.9303e-5,36745642,37444814,ENSBTAG00000025589,CDKAL1,protein_coding,TRUE
full,23,37147881,1.85417e-5,36745642,37444814,ENSBTAG00000025589,CDKAL1,protein_coding,TRUE
full,23,37152424,1.45712e-11,36745642,37444814,ENSBTAG00000025589,CDKAL1,protein_coding,TRUE
full,23,37160116,7.84366e-12,36745642,37444814,ENSBTAG00000025589,CDKAL1,protein_coding,TRUE
full,23,37220454,3.12101e-11,36745642,37444814,ENSBTAG00000025589,CDKAL1,protein_coding,TRUE
full,23,37279602,9.73678e-6,36745642,37444814,ENSBTAG00000025589,CDKAL1,protein_coding,TRUE
full,23,37573360,8.74611e-8,37486847,37569408,ENSBTAG00000021045,E2F3,protein_coding,FALSE
full,23,37749634,1.68429e-6,37723596,37834307,ENSBTAG00000016519,MBOAT1,protein_coding,TRUE
full,23,37760224,1.389e-7,37723596,37834307,ENSBTAG00000016519,MBOAT1,protein_coding,TRUE
full,23,37778390,1.47451e-5,37723596,37834307,ENSBTAG00000016519,MBOAT1,protein_coding,TRUE
full,23,37785310,2.40049e-5,37723596,37834307,ENSBTAG00000016519,MBOAT1,protein_coding,TRUE
full,23,37823554,6.24127e-5,37723596,37834307,ENSBTAG00000016519,MBOAT1,protein_coding,TRUE
full,23,37833863,3.30402e-5,37723596,37834307,ENSBTAG00000016519,MBOAT1,protein_coding,TRUE
full,23,40386029,2.99781e-5,40394210,40394316,ENSBTAG00000043228,U6,snRNA,FALSE
full,26,18566736,5.41486e-5,18557895,18558027,ENSBTAG00000045385,,scaRNA,FALSE
full,26,18566736,5.41486e-5,18565464,18566291,ENSBTAG00000007956,FRAT1,protein_coding,FALSE
an1,2,133919962,1.92621e-6,133926471,134029644,ENSBTAG00000014967,PAX7,protein_coding,FALSE
an1,3,107953247,4.64577e-8,107941137,107957939,ENSBTAG00000002306,UTP11,protein_coding,TRUE
an1,3,107953247,4.64577e-8,107959452,107967135,ENSBTAG00000007300,FHL3,protein_coding,FALSE
an1,3,107997606,5.35215e-8,107971020,107997728,ENSBTAG00000007299,SF3A3,protein_coding,TRUE
an1,3,108002916,1.51535e-6,107971020,107997728,ENSBTAG00000007299,SF3A3,protein_coding,FALSE
an1,3,107997606,5.35215e-8,107994077,107996107,ENSBTAG00000053523,,protein_coding,FALSE
an1,3,108002916,1.51535e-6,107994077,107996107,ENSBTAG00000053523,,protein_coding,FALSE
an1,3,108002916,1.51535e-6,108007865,108062243,ENSBTAG00000024107,INPP5B,protein_coding,FALSE
an1,3,108026169,3.2005e-8,108007865,108062243,ENSBTAG00000024107,INPP5B,protein_coding,TRUE
an1,3,108028957,5.53458e-8,108007865,108062243,ENSBTAG00000024107,INPP5B,protein_coding,TRUE
an1,3,108033780,1.31324e-7,108007865,108062243,ENSBTAG00000024107,INPP5B,protein_coding,TRUE
an1,3,108112216,3.77781e-8,108063039,108103478,ENSBTAG00000006511,MTF1,protein_coding,FALSE
an1,3,108112216,3.77781e-8,108107987,108109056,ENSBTAG00000045776,C3H1orf122,protein_coding,FALSE
an1,3,108112216,3.77781e-8,108109004,108114061,ENSBTAG00000006510,YRDC,protein_coding,TRUE
an1,3,108112216,3.77781e-8,108113644,108120963,ENSBTAG00000046989,MANEAL,protein_coding,FALSE
an1,3,108125338,3.05142e-7,108113644,108120963,ENSBTAG00000046989,MANEAL,protein_coding,FALSE
an1,3,108125338,3.05142e-7,108133543,108133650,ENSBTAG00000042443,U6,snRNA,FALSE
an1,3,108143893,3.87796e-7,108149712,108190353,ENSBTAG00000020510,EPHA10,protein_coding,FALSE
an1,3,108162359,6.32051e-7,108149712,108190353,ENSBTAG00000020510,EPHA10,protein_coding,TRUE
an1,3,108176925,2.44611e-8,108149712,108190353,ENSBTAG00000020510,EPHA10,protein_coding,TRUE
an1,3,108180261,2.44611e-8,108149712,108190353,ENSBTAG00000020510,EPHA10,protein_coding,TRUE
an1,3,108190249,4.85266e-8,108149712,108190353,ENSBTAG00000020510,EPHA10,protein_coding,TRUE
an1,3,108198471,3.02293e-8,108149712,108190353,ENSBTAG00000020510,EPHA10,protein_coding,FALSE
an1,3,108199279,2.86093e-8,108149712,108190353,ENSBTAG00000020510,EPHA10,protein_coding,FALSE
an1,3,108190249,4.85266e-8,108198136,108213207,ENSBTAG00000014326,CDCA8,protein_coding,FALSE
an1,3,108198471,3.02293e-8,108198136,108213207,ENSBTAG00000014326,CDCA8,protein_coding,TRUE
an1,3,108199279,2.86093e-8,108198136,108213207,ENSBTAG00000014326,CDCA8,protein_coding,TRUE
an1,3,108306465,1.25242e-8,108305087,108331447,ENSBTAG00000003849,GNL2,protein_coding,TRUE
an1,3,108308284,2.75111e-7,108305087,108331447,ENSBTAG00000003849,GNL2,protein_coding,TRUE
an1,3,108345650,9.74859e-9,108330553,108338022,ENSBTAG00000002583,DNALI1,protein_coding,FALSE
an1,3,108345650,9.74859e-9,108338106,108355571,ENSBTAG00000016852,SNIP1,protein_coding,TRUE
an1,3,108352625,1.42919e-8,108338106,108355571,ENSBTAG00000016852,SNIP1,protein_coding,TRUE
an1,3,108354514,2.6099e-7,108338106,108355571,ENSBTAG00000016852,SNIP1,protein_coding,TRUE
an1,3,108368786,1.46697e-7,108368074,108392514,ENSBTAG00000010506,MEAF6,protein_coding,TRUE
an1,3,108393159,1.4013e-8,108368074,108392514,ENSBTAG00000010506,MEAF6,protein_coding,FALSE
an1,3,108393159,1.4013e-8,108403027,108412520,ENSBTAG00000011316,ZC3H12A,protein_coding,FALSE
an1,5,14633691,2.68914e-10,14559465,14897805,ENSBTAG00000027900,LRRIQ1,protein_coding,TRUE
an1,5,14634699,3.2459e-10,14559465,14897805,ENSBTAG00000027900,LRRIQ1,protein_coding,TRUE
an1,5,14636473,2.68914e-10,14559465,14897805,ENSBTAG00000027900,LRRIQ1,protein_coding,TRUE
an1,5,14638005,3.87912e-10,14559465,14897805,ENSBTAG00000027900,LRRIQ1,protein_coding,TRUE
an1,5,14644077,3.87912e-10,14559465,14897805,ENSBTAG00000027900,LRRIQ1,protein_coding,TRUE
an1,5,14645805,3.87912e-10,14559465,14897805,ENSBTAG00000027900,LRRIQ1,protein_coding,TRUE
an1,5,14649402,7.11633e-11,14559465,14897805,ENSBTAG00000027900,LRRIQ1,protein_coding,TRUE
an1,5,14650481,3.87912e-10,14559465,14897805,ENSBTAG00000027900,LRRIQ1,protein_coding,TRUE
an1,5,14652454,2.32419e-7,14559465,14897805,ENSBTAG00000027900,LRRIQ1,protein_coding,TRUE
an1,5,14661935,1.18851e-10,14559465,14897805,ENSBTAG00000027900,LRRIQ1,protein_coding,TRUE
an1,5,14664309,1.35288e-10,14559465,14897805,ENSBTAG00000027900,LRRIQ1,protein_coding,TRUE
an1,5,14665623,1.18851e-10,14559465,14897805,ENSBTAG00000027900,LRRIQ1,protein_coding,TRUE
an1,5,14666609,1.37056e-10,14559465,14897805,ENSBTAG00000027900,LRRIQ1,protein_coding,TRUE
an1,5,14673170,1.6979e-7,14559465,14897805,ENSBTAG00000027900,LRRIQ1,protein_coding,TRUE
an1,5,14684500,2.49964e-7,14559465,14897805,ENSBTAG00000027900,LRRIQ1,protein_coding,TRUE
an1,5,14688463,2.16636e-7,14559465,14897805,ENSBTAG00000027900,LRRIQ1,protein_coding,TRUE
an1,5,14700309,4.72867e-6,14559465,14897805,ENSBTAG00000027900,LRRIQ1,protein_coding,TRUE
an1,5,14792244,1.80458e-8,14559465,14897805,ENSBTAG00000027900,LRRIQ1,protein_coding,TRUE
an1,5,14795108,3.01102e-6,14559465,14897805,ENSBTAG00000027900,LRRIQ1,protein_coding,TRUE
an1,5,14805981,1.10675e-7,14559465,14897805,ENSBTAG00000027900,LRRIQ1,protein_coding,TRUE
an1,5,14819458,2.0983e-8,14559465,14897805,ENSBTAG00000027900,LRRIQ1,protein_coding,TRUE
an1,5,14636473,2.68914e-10,14646149,14673174,ENSBTAG00000047203,TSPAN19,protein_coding,FALSE
an1,5,14638005,3.87912e-10,14646149,14673174,ENSBTAG00000047203,TSPAN19,protein_coding,FALSE
an1,5,14644077,3.87912e-10,14646149,14673174,ENSBTAG00000047203,TSPAN19,protein_coding,FALSE
an1,5,14645805,3.87912e-10,14646149,14673174,ENSBTAG00000047203,TSPAN19,protein_coding,FALSE
an1,5,14649402,7.11633e-11,14646149,14673174,ENSBTAG00000047203,TSPAN19,protein_coding,TRUE
an1,5,14650481,3.87912e-10,14646149,14673174,ENSBTAG00000047203,TSPAN19,protein_coding,TRUE
an1,5,14652454,2.32419e-7,14646149,14673174,ENSBTAG00000047203,TSPAN19,protein_coding,TRUE
an1,5,14661935,1.18851e-10,14646149,14673174,ENSBTAG00000047203,TSPAN19,protein_coding,TRUE
an1,5,14664309,1.35288e-10,14646149,14673174,ENSBTAG00000047203,TSPAN19,protein_coding,TRUE
an1,5,14665623,1.18851e-10,14646149,14673174,ENSBTAG00000047203,TSPAN19,protein_coding,TRUE
an1,5,14666609,1.37056e-10,14646149,14673174,ENSBTAG00000047203,TSPAN19,protein_coding,TRUE
an1,5,14673170,1.6979e-7,14646149,14673174,ENSBTAG00000047203,TSPAN19,protein_coding,TRUE
an1,5,14936341,1.90708e-9,14916906,14939215,ENSBTAG00000014977,ALX1,protein_coding,TRUE
an1,5,15469683,4.33679e-11,15468393,15502249,ENSBTAG00000026966,RASSF9,protein_coding,TRUE
an1,5,15470243,4.33679e-11,15468393,15502249,ENSBTAG00000026966,RASSF9,protein_coding,TRUE
an1,5,15552700,1.7697e-11,15532029,15543699,ENSBTAG00000005305,NTS,protein_coding,FALSE
an1,5,15610133,3.42836e-11,15616361,15616469,ENSBTAG00000043827,5S_rRNA,rRNA,FALSE
an1,5,17112468,2.43033e-9,17119778,17120428,ENSBTAG00000020784,,processed_pseudogene,FALSE
an1,5,17114333,2.43033e-9,17119778,17120428,ENSBTAG00000020784,,processed_pseudogene,FALSE
an1,5,17115279,3.0093e-9,17119778,17120428,ENSBTAG00000020784,,processed_pseudogene,FALSE
an1,5,17119922,3.0093e-9,17119778,17120428,ENSBTAG00000020784,,processed_pseudogene,TRUE
an1,5,17120412,2.19265e-9,17119778,17120428,ENSBTAG00000020784,,processed_pseudogene,TRUE
an1,5,17790219,6.75875e-15,17797032,17820349,ENSBTAG00000018180,C5H12orf50,protein_coding,FALSE
an1,5,17798423,6.75875e-15,17797032,17820349,ENSBTAG00000018180,C5H12orf50,protein_coding,TRUE
an1,5,17828045,4.55035e-15,17797032,17820349,ENSBTAG00000018180,C5H12orf50,protein_coding,FALSE
an1,5,17828045,4.55035e-15,17826548,17837426,ENSBTAG00000018743,C5H12orf29,protein_coding,TRUE
an1,5,17830803,4.87923e-15,17826548,17837426,ENSBTAG00000018743,C5H12orf29,protein_coding,TRUE
an1,5,17832805,4.87923e-15,17826548,17837426,ENSBTAG00000018743,C5H12orf29,protein_coding,TRUE
an1,5,17833896,4.87923e-15,17826548,17837426,ENSBTAG00000018743,C5H12orf29,protein_coding,TRUE
an1,5,17840553,6.75875e-15,17826548,17837426,ENSBTAG00000018743,C5H12orf29,protein_coding,FALSE
an1,5,17847420,5.0242e-16,17826548,17837426,ENSBTAG00000018743,C5H12orf29,protein_coding,FALSE
an1,5,17828045,4.55035e-15,17836747,17895641,ENSBTAG00000018745,CEP290,protein_coding,FALSE
an1,5,17830803,4.87923e-15,17836747,17895641,ENSBTAG00000018745,CEP290,protein_coding,FALSE
an1,5,17832805,4.87923e-15,17836747,17895641,ENSBTAG00000018745,CEP290,protein_coding,FALSE
an1,5,17833896,4.87923e-15,17836747,17895641,ENSBTAG00000018745,CEP290,protein_coding,FALSE
an1,5,17840553,6.75875e-15,17836747,17895641,ENSBTAG00000018745,CEP290,protein_coding,TRUE
an1,5,17847420,5.0242e-16,17836747,17895641,ENSBTAG00000018745,CEP290,protein_coding,TRUE
an1,5,17865454,8.34754e-15,17836747,17895641,ENSBTAG00000018745,CEP290,protein_coding,TRUE
an1,5,17897777,8.34754e-15,17836747,17895641,ENSBTAG00000018745,CEP290,protein_coding,FALSE
an1,5,17899649,2.12038e-14,17836747,17895641,ENSBTAG00000018745,CEP290,protein_coding,FALSE
an1,5,17902402,8.34754e-15,17836747,17895641,ENSBTAG00000018745,CEP290,protein_coding,FALSE
an1,5,17840553,6.75875e-15,17849488,17850498,ENSBTAG00000052837,,protein_coding,FALSE
an1,5,17847420,5.0242e-16,17849488,17850498,ENSBTAG00000052837,,protein_coding,FALSE
an1,5,17897777,8.34754e-15,17897245,17931875,ENSBTAG00000051348,,protein_coding,TRUE
an1,5,17899649,2.12038e-14,17897245,17931875,ENSBTAG00000051348,,protein_coding,TRUE
an1,5,17902402,8.34754e-15,17897245,17931875,ENSBTAG00000051348,,protein_coding,TRUE
an1,5,17909902,8.34754e-15,17897245,17931875,ENSBTAG00000051348,,protein_coding,TRUE
an1,5,17928377,1.38847e-16,17897245,17931875,ENSBTAG00000051348,,protein_coding,TRUE
an1,5,17929390,4.13638e-6,17897245,17931875,ENSBTAG00000051348,,protein_coding,TRUE
an1,5,17956721,3.59055e-6,17943910,17981541,ENSBTAG00000009023,TMTC3,protein_coding,TRUE
an1,5,18249705,9.17956e-9,18250809,18353485,ENSBTAG00000017549,KITLG,protein_coding,FALSE
an1,5,18324262,9.24525e-8,18250809,18353485,ENSBTAG00000017549,KITLG,protein_coding,TRUE
an1,5,18328738,9.24525e-8,18250809,18353485,ENSBTAG00000017549,KITLG,protein_coding,TRUE
an1,5,18336332,9.99348e-8,18250809,18353485,ENSBTAG00000017549,KITLG,protein_coding,TRUE
an1,5,18337180,4.99953e-9,18250809,18353485,ENSBTAG00000017549,KITLG,protein_coding,TRUE
an1,5,18342607,1.05815e-7,18250809,18353485,ENSBTAG00000017549,KITLG,protein_coding,TRUE
an1,5,19210083,1.59766e-8,19213683,19217415,ENSBTAG00000004587,DUSP6,protein_coding,FALSE
an1,5,19210083,1.59766e-8,19218534,19243519,ENSBTAG00000051903,,lncRNA,FALSE
an1,5,19246671,2.97895e-9,19218534,19243519,ENSBTAG00000051903,,lncRNA,FALSE
an1,5,19475216,4.43377e-6,19476824,19607517,ENSBTAG00000009552,ATP2B1,protein_coding,FALSE
an1,5,19508272,3.69e-8,19476824,19607517,ENSBTAG00000009552,ATP2B1,protein_coding,TRUE
an1,5,22023908,1.09176e-9,22012139,22016602,ENSBTAG00000020330,BTG1,protein_coding,FALSE
an1,5,22023908,1.09176e-9,22018683,22029127,ENSBTAG00000051951,,lncRNA,TRUE
an1,5,22611967,2.03928e-7,22559005,22644686,ENSBTAG00000000818,PLEKHG7,protein_coding,TRUE
an1,5,22611967,2.03928e-7,22607542,22607642,ENSBTAG00000045179,U6,snRNA,FALSE
an1,5,23214493,5.97767e-6,23191702,23208104,ENSBTAG00000007447,NUDT4,protein_coding,FALSE
an1,5,23214493,5.97767e-6,23214338,23255510,ENSBTAG00000021767,UBE2N,protein_coding,TRUE
an1,5,23475476,1.1481e-11,23473232,23664529,ENSBTAG00000051267,CRADD,protein_coding,TRUE
an1,5,23510833,1.31991e-7,23473232,23664529,ENSBTAG00000051267,CRADD,protein_coding,TRUE
an1,5,23513901,1.31991e-7,23473232,23664529,ENSBTAG00000051267,CRADD,protein_coding,TRUE
an1,5,23606184,3.29806e-8,23473232,23664529,ENSBTAG00000051267,CRADD,protein_coding,TRUE
an1,5,24037117,2.74289e-6,23915775,24071389,ENSBTAG00000011245,PLXNC1,protein_coding,TRUE
an1,5,24038945,2.39074e-6,23915775,24071389,ENSBTAG00000011245,PLXNC1,protein_coding,TRUE
an1,5,24041394,4.64827e-8,23915775,24071389,ENSBTAG00000011245,PLXNC1,protein_coding,TRUE
an1,5,24049514,2.39074e-6,23915775,24071389,ENSBTAG00000011245,PLXNC1,protein_coding,TRUE
an1,5,24050038,2.39074e-6,23915775,24071389,ENSBTAG00000011245,PLXNC1,protein_coding,TRUE
an1,5,24070212,8.75306e-7,23915775,24071389,ENSBTAG00000011245,PLXNC1,protein_coding,TRUE
an1,5,24071445,1.43658e-6,23915775,24071389,ENSBTAG00000011245,PLXNC1,protein_coding,FALSE
an1,5,24070212,8.75306e-7,24067009,24067513,ENSBTAG00000052916,,protein_coding,FALSE
an1,5,24071445,1.43658e-6,24067009,24067513,ENSBTAG00000052916,,protein_coding,FALSE
an1,5,24070212,8.75306e-7,24070404,24345243,ENSBTAG00000004484,CEP83,protein_coding,FALSE
an1,5,24071445,1.43658e-6,24070404,24345243,ENSBTAG00000004484,CEP83,protein_coding,TRUE
an1,5,24272294,3.90837e-6,24070404,24345243,ENSBTAG00000004484,CEP83,protein_coding,TRUE
an1,5,25220320,1.53289e-7,25215043,25220249,ENSBTAG00000051641,MUCL1,protein_coding,FALSE
an1,5,25711397,9.93713e-6,25686990,25707964,ENSBTAG00000015604,ZNF385A,protein_coding,FALSE
an1,5,25711397,9.93713e-6,25709927,25711851,ENSBTAG00000015592,GPR84,protein_coding,TRUE
an1,5,25887432,1.49681e-7,25895898,25903956,ENSBTAG00000049837,,lncRNA,FALSE
an1,5,25889176,1.81373e-7,25895898,25903956,ENSBTAG00000049837,,lncRNA,FALSE
an1,5,25901549,1.49681e-7,25895898,25903956,ENSBTAG00000049837,,lncRNA,TRUE
an1,5,26793426,9.67622e-6,26774193,26794835,ENSBTAG00000007592,RARG,protein_coding,TRUE
an1,5,26793426,9.67622e-6,26796739,26811772,ENSBTAG00000018993,ITGB7,protein_coding,FALSE
an1,5,28163600,1.88158e-6,28054725,28174539,ENSBTAG00000021339,SCN8A,protein_coding,TRUE
an1,5,28172805,1.88158e-6,28054725,28174539,ENSBTAG00000021339,SCN8A,protein_coding,TRUE
an1,6,88497883,5.1368e-6,88484915,88503341,ENSBTAG00000017121,ALB,protein_coding,TRUE
an1,8,27816545,4.21598e-6,27468468,27944404,ENSBTAG00000003669,BNC2,protein_coding,TRUE
an1,8,27818122,3.26215e-6,27468468,27944404,ENSBTAG00000003669,BNC2,protein_coding,TRUE
an1,8,27822693,4.94076e-6,27468468,27944404,ENSBTAG00000003669,BNC2,protein_coding,TRUE
an1,8,27825467,4.94076e-6,27468468,27944404,ENSBTAG00000003669,BNC2,protein_coding,TRUE
an1,8,27834530,7.08355e-6,27468468,27944404,ENSBTAG00000003669,BNC2,protein_coding,TRUE
an1,8,27909361,3.70741e-6,27468468,27944404,ENSBTAG00000003669,BNC2,protein_coding,TRUE
an1,8,27911539,3.70741e-6,27468468,27944404,ENSBTAG00000003669,BNC2,protein_coding,TRUE
an1,8,27925653,3.7423e-6,27468468,27944404,ENSBTAG00000003669,BNC2,protein_coding,TRUE
an1,8,27927097,7.7267e-6,27468468,27944404,ENSBTAG00000003669,BNC2,protein_coding,TRUE
an1,9,42092364,7.38613e-6,42052263,42095170,ENSBTAG00000010134,OSTM1,protein_coding,TRUE
an1,9,42093840,6.75283e-6,42052263,42095170,ENSBTAG00000010134,OSTM1,protein_coding,TRUE
an1,9,42098419,7.38613e-6,42052263,42095170,ENSBTAG00000010134,OSTM1,protein_coding,FALSE
an1,9,42099299,7.38613e-6,42052263,42095170,ENSBTAG00000010134,OSTM1,protein_coding,FALSE
an1,9,42101241,7.38613e-6,42052263,42095170,ENSBTAG00000010134,OSTM1,protein_coding,FALSE
an1,9,42105043,7.38613e-6,42052263,42095170,ENSBTAG00000010134,OSTM1,protein_coding,FALSE
an1,9,42151245,6.75283e-6,42151796,42219435,ENSBTAG00000016562,SEC63,protein_coding,FALSE
an1,9,42431764,1.84616e-7,42405900,42571799,ENSBTAG00000019175,SOBP,protein_coding,TRUE
an1,9,42484867,2.16684e-7,42405900,42571799,ENSBTAG00000019175,SOBP,protein_coding,TRUE
an1,9,42492316,2.02275e-6,42405900,42571799,ENSBTAG00000019175,SOBP,protein_coding,TRUE
an1,9,42503781,8.1816e-7,42405900,42571799,ENSBTAG00000019175,SOBP,protein_coding,TRUE
an1,9,42507965,1.91904e-6,42405900,42571799,ENSBTAG00000019175,SOBP,protein_coding,TRUE
an1,9,42516598,1.91904e-6,42405900,42571799,ENSBTAG00000019175,SOBP,protein_coding,TRUE
an1,10,1219460,7.43765e-6,1167671,1299249,ENSBTAG00000018852,APC,protein_coding,TRUE
an1,10,1227528,5.22323e-6,1167671,1299249,ENSBTAG00000018852,APC,protein_coding,TRUE
an1,10,13937011,2.84809e-6,13895783,14018262,ENSBTAG00000012599,SMAD3,protein_coding,TRUE
an1,10,13960216,2.52001e-6,13895783,14018262,ENSBTAG00000012599,SMAD3,protein_coding,TRUE
an1,10,13967085,2.52001e-6,13895783,14018262,ENSBTAG00000012599,SMAD3,protein_coding,TRUE
an1,10,13968532,1.31822e-6,13895783,14018262,ENSBTAG00000012599,SMAD3,protein_coding,TRUE
an1,10,13970737,3.88716e-6,13895783,14018262,ENSBTAG00000012599,SMAD3,protein_coding,TRUE
an1,10,14090213,1.96454e-6,14030086,14103131,ENSBTAG00000040368,AAGAB,protein_coding,TRUE
an1,10,14105930,1.86718e-6,14030086,14103131,ENSBTAG00000040368,AAGAB,protein_coding,FALSE
an1,10,14105930,1.86718e-6,14103229,14332391,ENSBTAG00000013638,IQCH,protein_coding,TRUE
an1,11,44584008,8.02105e-6,44555138,44607245,ENSBTAG00000019628,EDAR,protein_coding,TRUE
an1,11,44744209,9.99142e-6,44715399,44796640,ENSBTAG00000010971,LIMS1,protein_coding,TRUE
an1,11,44925317,9.78275e-6,44906839,44921512,ENSBTAG00000002803,SULT1C3,protein_coding,FALSE
an1,11,44928962,9.78275e-6,44906839,44921512,ENSBTAG00000002803,SULT1C3,protein_coding,FALSE
an1,11,44956920,5.12674e-6,44964747,44964853,ENSBTAG00000043493,U6,snRNA,FALSE
an1,11,44960989,5.30649e-6,44964747,44964853,ENSBTAG00000043493,U6,snRNA,FALSE
an1,11,44963474,3.16687e-6,44964747,44964853,ENSBTAG00000043493,U6,snRNA,FALSE
an1,11,45035956,8.32499e-6,45013217,45034289,ENSBTAG00000004352,SLC5A7,protein_coding,FALSE
an1,11,45036718,3.74944e-6,45013217,45034289,ENSBTAG00000004352,SLC5A7,protein_coding,FALSE
an1,13,47498928,4.27239e-6,47441800,47498715,ENSBTAG00000006066,CDS2,protein_coding,FALSE
an1,13,47500233,3.96669e-6,47441800,47498715,ENSBTAG00000006066,CDS2,protein_coding,FALSE
an1,13,57906852,6.48674e-7,57899598,57910385,ENSBTAG00000020397,APCDD1L,protein_coding,TRUE
an1,13,57907332,2.62365e-6,57899598,57910385,ENSBTAG00000020397,APCDD1L,protein_coding,TRUE
an1,13,57937537,2.86774e-7,57923612,57971092,ENSBTAG00000017424,VAPB,protein_coding,TRUE
an1,13,57939566,1.68194e-8,57923612,57971092,ENSBTAG00000017424,VAPB,protein_coding,TRUE
an1,13,57940287,2.67519e-8,57923612,57971092,ENSBTAG00000017424,VAPB,protein_coding,TRUE
an1,13,58164003,4.22107e-6,58156965,58160211,ENSBTAG00000052305,,protein_coding,FALSE
an1,13,58164003,4.22107e-6,58171229,58187773,ENSBTAG00000016926,C13H20orf85,protein_coding,FALSE
an1,13,58170668,3.11447e-6,58171229,58187773,ENSBTAG00000016926,C13H20orf85,protein_coding,FALSE
an1,13,58513864,8.62826e-6,58486589,58542578,ENSBTAG00000054628,PMEPA1,protein_coding,TRUE
an1,13,58521548,5.00548e-6,58486589,58542578,ENSBTAG00000054628,PMEPA1,protein_coding,TRUE
an1,13,60391102,2.22152e-6,60378067,60390330,ENSBTAG00000051653,SCRT2,protein_coding,FALSE
an1,13,60408875,5.12275e-6,60402762,60408261,ENSBTAG00000010913,SRXN1,protein_coding,FALSE
an1,15,81997753,2.11239e-6,81998338,81999582,ENSBTAG00000050622,,protein_coding,FALSE
an1,15,82000760,1.03406e-6,81998338,81999582,ENSBTAG00000050622,,protein_coding,FALSE
an1,15,82002160,2.32552e-6,81998338,81999582,ENSBTAG00000050622,,protein_coding,FALSE
an1,15,82003986,2.32552e-6,81998338,81999582,ENSBTAG00000050622,,protein_coding,FALSE
an1,15,81997753,2.11239e-6,82005439,82044563,ENSBTAG00000038058,,protein_coding,FALSE
an1,15,82000760,1.03406e-6,82005439,82044563,ENSBTAG00000038058,,protein_coding,FALSE
an1,15,82002160,2.32552e-6,82005439,82044563,ENSBTAG00000038058,,protein_coding,FALSE
an1,15,82003986,2.32552e-6,82005439,82044563,ENSBTAG00000038058,,protein_coding,FALSE
an1,15,82279841,3.72859e-6,82274501,82278280,ENSBTAG00000049888,,lncRNA,FALSE
an1,15,82690558,2.1233e-7,82690516,82691451,ENSBTAG00000054375,,protein_coding,TRUE
an1,15,83051167,1.03326e-6,82963910,83044497,ENSBTAG00000012820,STX3,protein_coding,FALSE
an1,15,83051167,1.03326e-6,83029815,83048887,ENSBTAG00000012057,CBLIF,protein_coding,FALSE
an1,15,83051167,1.03326e-6,83058088,83073458,ENSBTAG00000020580,TCN1,protein_coding,FALSE
an1,15,83418288,8.44643e-7,83416528,83435892,ENSBTAG00000053675,,protein_coding,TRUE
an1,15,83434234,7.00578e-7,83416528,83435892,ENSBTAG00000053675,,protein_coding,TRUE
an1,15,83434234,7.00578e-7,83443176,83503594,ENSBTAG00000002260,NCAPD3,protein_coding,FALSE
an1,15,83519848,3.60572e-7,83503677,83522019,ENSBTAG00000014838,VPS26B,protein_coding,TRUE
an1,15,83519848,3.60572e-7,83520804,83525320,ENSBTAG00000012936,THYN1,protein_coding,FALSE
an1,15,83519848,3.60572e-7,83525512,83539320,ENSBTAG00000012937,ACAD8,protein_coding,FALSE
an1,17,70646984,4.45051e-6,70627688,70655990,ENSBTAG00000008117,SLC5A4,protein_coding,TRUE
an1,19,29605900,9.14711e-6,29601526,29622481,ENSBTAG00000011803,MYH3,protein_coding,TRUE
an1,19,35451686,1.29649e-6,35453978,35513087,ENSBTAG00000020629,UTP18,protein_coding,FALSE
an1,19,35455548,1.29668e-6,35453978,35513087,ENSBTAG00000020629,UTP18,protein_coding,TRUE
an1,19,35467289,1.29668e-6,35453978,35513087,ENSBTAG00000020629,UTP18,protein_coding,TRUE
an1,19,35471480,1.29668e-6,35453978,35513087,ENSBTAG00000020629,UTP18,protein_coding,TRUE
an1,19,36788393,4.68453e-7,36779155,36787279,ENSBTAG00000053450,,lncRNA,FALSE
an1,19,36788393,4.68453e-7,36791802,36804193,ENSBTAG00000049677,,protein_coding,FALSE
an1,19,45444414,8.70455e-6,45443488,45591669,ENSBTAG00000008442,NSF,protein_coding,TRUE
an1,19,46168022,7.80005e-6,46008699,46179281,ENSBTAG00000012564,KANSL1,protein_coding,TRUE
an1,19,47971923,3.09623e-6,47912961,47973784,ENSBTAG00000008151,MAP3K3,protein_coding,TRUE
an1,19,47971923,3.09623e-6,47975191,47977056,ENSBTAG00000008154,LIMD2,protein_coding,FALSE
an1,19,47971923,3.09623e-6,47979733,48007680,ENSBTAG00000000056,STRADA,protein_coding,FALSE
an1,19,48288317,3.4576e-6,48273414,48350809,ENSBTAG00000016799,ERN1,protein_coding,TRUE
an1,19,48303579,4.53377e-6,48273414,48350809,ENSBTAG00000016799,ERN1,protein_coding,TRUE
an1,19,49181087,1.19219e-6,49175977,49194768,ENSBTAG00000015951,NOL11,protein_coding,TRUE
an1,19,57976256,8.41085e-6,57874966,58018225,ENSBTAG00000044195,SDK2,protein_coding,TRUE
an1,19,58000939,5.69508e-6,57874966,58018225,ENSBTAG00000044195,SDK2,protein_coding,TRUE
an1,19,58419808,2.84128e-6,58209287,58503188,ENSBTAG00000018837,SLC39A11,protein_coding,TRUE
an1,19,58424066,2.25872e-6,58209287,58503188,ENSBTAG00000018837,SLC39A11,protein_coding,TRUE
an1,19,58452004,3.20872e-6,58209287,58503188,ENSBTAG00000018837,SLC39A11,protein_coding,TRUE
an1,19,59031592,1.88395e-6,59035767,59071340,ENSBTAG00000051578,,lncRNA,FALSE
an1,19,59240867,6.54535e-6,59234352,59236559,ENSBTAG00000053529,,lncRNA,FALSE
an1,22,31340250,9.34532e-6,31285296,31402063,ENSBTAG00000048900,MDFIC2,protein_coding,TRUE
an1,22,31346055,9.34532e-6,31285296,31402063,ENSBTAG00000048900,MDFIC2,protein_coding,TRUE
an1,22,31395059,3.73046e-7,31285296,31402063,ENSBTAG00000048900,MDFIC2,protein_coding,TRUE
an1,22,31401005,1.59803e-7,31285296,31402063,ENSBTAG00000048900,MDFIC2,protein_coding,TRUE
an1,22,31409453,9.72989e-7,31285296,31402063,ENSBTAG00000048900,MDFIC2,protein_coding,FALSE
an1,22,31611498,7.4375e-8,31617620,31843533,ENSBTAG00000006679,MITF,protein_coding,FALSE
an1,22,31647147,1.4785e-6,31617620,31843533,ENSBTAG00000006679,MITF,protein_coding,TRUE
an1,22,31650963,3.26713e-7,31617620,31843533,ENSBTAG00000006679,MITF,protein_coding,TRUE
an1,22,31651707,3.48457e-6,31617620,31843533,ENSBTAG00000006679,MITF,protein_coding,TRUE
an1,22,31653105,3.48457e-6,31617620,31843533,ENSBTAG00000006679,MITF,protein_coding,TRUE
an1,22,31654821,3.48457e-6,31617620,31843533,ENSBTAG00000006679,MITF,protein_coding,TRUE
an1,22,31691401,2.96327e-7,31617620,31843533,ENSBTAG00000006679,MITF,protein_coding,TRUE
an1,22,31692319,4.77277e-7,31617620,31843533,ENSBTAG00000006679,MITF,protein_coding,TRUE
an1,22,31693252,4.77277e-7,31617620,31843533,ENSBTAG00000006679,MITF,protein_coding,TRUE
an1,22,31695205,4.77277e-7,31617620,31843533,ENSBTAG00000006679,MITF,protein_coding,TRUE
an1,22,31710006,4.67331e-7,31617620,31843533,ENSBTAG00000006679,MITF,protein_coding,TRUE
an1,22,31735235,2.56592e-7,31617620,31843533,ENSBTAG00000006679,MITF,protein_coding,TRUE
an1,22,31750555,2.56592e-7,31617620,31843533,ENSBTAG00000006679,MITF,protein_coding,TRUE
an1,22,31752261,2.56592e-7,31617620,31843533,ENSBTAG00000006679,MITF,protein_coding,TRUE
an1,22,31762101,7.645e-7,31617620,31843533,ENSBTAG00000006679,MITF,protein_coding,TRUE
an1,22,31774678,7.645e-7,31617620,31843533,ENSBTAG00000006679,MITF,protein_coding,TRUE
an1,22,31812402,4.41304e-6,31617620,31843533,ENSBTAG00000006679,MITF,protein_coding,TRUE
an1,22,31818575,4.41304e-6,31617620,31843533,ENSBTAG00000006679,MITF,protein_coding,TRUE
an1,22,32114531,8.66299e-6,32022449,32381786,ENSBTAG00000007624,FRMD4B,protein_coding,TRUE
an1,22,32118168,8.66299e-6,32022449,32381786,ENSBTAG00000007624,FRMD4B,protein_coding,TRUE
an1,22,32121730,8.66299e-6,32022449,32381786,ENSBTAG00000007624,FRMD4B,protein_coding,TRUE
an1,22,32208077,2.45901e-6,32022449,32381786,ENSBTAG00000007624,FRMD4B,protein_coding,TRUE
an1,22,32209610,2.22204e-6,32022449,32381786,ENSBTAG00000007624,FRMD4B,protein_coding,TRUE
an1,22,32345671,6.64319e-7,32022449,32381786,ENSBTAG00000007624,FRMD4B,protein_coding,TRUE
an1,22,32364959,5.84875e-7,32022449,32381786,ENSBTAG00000007624,FRMD4B,protein_coding,TRUE
an1,22,32373666,5.55574e-6,32022449,32381786,ENSBTAG00000007624,FRMD4B,protein_coding,TRUE
an1,22,32498480,5.47737e-6,32457271,32491697,ENSBTAG00000015556,UBA3,protein_coding,FALSE
an1,22,32498480,5.47737e-6,32494168,32525378,ENSBTAG00000015554,TMF1,protein_coding,TRUE
an1,22,32535013,4.98416e-6,32494168,32525378,ENSBTAG00000015554,TMF1,protein_coding,FALSE
an1,22,32535013,4.98416e-6,32535096,32575454,ENSBTAG00000022681,EOGT,protein_coding,FALSE
an1,22,32570530,2.5911e-7,32535096,32575454,ENSBTAG00000022681,EOGT,protein_coding,TRUE
an1,22,32572065,1.55844e-7,32535096,32575454,ENSBTAG00000022681,EOGT,protein_coding,TRUE
an1,22,32573915,1.73705e-7,32535096,32575454,ENSBTAG00000022681,EOGT,protein_coding,TRUE
an1,22,32574297,1.45328e-7,32535096,32575454,ENSBTAG00000022681,EOGT,protein_coding,TRUE
an1,22,32576726,2.66791e-7,32535096,32575454,ENSBTAG00000022681,EOGT,protein_coding,FALSE
an1,22,32577585,1.27495e-6,32535096,32575454,ENSBTAG00000022681,EOGT,protein_coding,FALSE
an1,22,32582931,9.80037e-7,32535096,32575454,ENSBTAG00000022681,EOGT,protein_coding,FALSE
an1,22,32573915,1.73705e-7,32582496,32789965,ENSBTAG00000003110,TAFA4,protein_coding,FALSE
an1,22,32574297,1.45328e-7,32582496,32789965,ENSBTAG00000003110,TAFA4,protein_coding,FALSE
an1,22,32576726,2.66791e-7,32582496,32789965,ENSBTAG00000003110,TAFA4,protein_coding,FALSE
an1,22,32577585,1.27495e-6,32582496,32789965,ENSBTAG00000003110,TAFA4,protein_coding,FALSE
an1,22,32582931,9.80037e-7,32582496,32789965,ENSBTAG00000003110,TAFA4,protein_coding,TRUE
an1,22,32624296,5.27369e-6,32582496,32789965,ENSBTAG00000003110,TAFA4,protein_coding,TRUE
an1,22,32663366,5.42742e-9,32582496,32789965,ENSBTAG00000003110,TAFA4,protein_coding,TRUE
an1,22,32690771,1.78322e-8,32582496,32789965,ENSBTAG00000003110,TAFA4,protein_coding,TRUE
an1,22,32692460,7.65651e-9,32582496,32789965,ENSBTAG00000003110,TAFA4,protein_coding,TRUE
an1,22,32702289,1.054e-8,32582496,32789965,ENSBTAG00000003110,TAFA4,protein_coding,TRUE
an1,22,32703124,1.054e-8,32582496,32789965,ENSBTAG00000003110,TAFA4,protein_coding,TRUE
an1,22,32703669,1.054e-8,32582496,32789965,ENSBTAG00000003110,TAFA4,protein_coding,TRUE
an1,22,32704220,1.02771e-8,32582496,32789965,ENSBTAG00000003110,TAFA4,protein_coding,TRUE
an1,22,32704977,1.5122e-8,32582496,32789965,ENSBTAG00000003110,TAFA4,protein_coding,TRUE
an1,22,32706159,1.09559e-8,32582496,32789965,ENSBTAG00000003110,TAFA4,protein_coding,TRUE
an1,22,32708536,2.85096e-8,32582496,32789965,ENSBTAG00000003110,TAFA4,protein_coding,TRUE
an1,22,32709288,2.85096e-8,32582496,32789965,ENSBTAG00000003110,TAFA4,protein_coding,TRUE
an1,22,32709942,2.85096e-8,32582496,32789965,ENSBTAG00000003110,TAFA4,protein_coding,TRUE
an1,22,32711432,1.31318e-7,32582496,32789965,ENSBTAG00000003110,TAFA4,protein_coding,TRUE
an1,22,32712108,1.35753e-8,32582496,32789965,ENSBTAG00000003110,TAFA4,protein_coding,TRUE
an1,22,32712831,1.35753e-8,32582496,32789965,ENSBTAG00000003110,TAFA4,protein_coding,TRUE
an1,22,32714255,3.27747e-9,32582496,32789965,ENSBTAG00000003110,TAFA4,protein_coding,TRUE
an1,22,32718597,9.22769e-8,32582496,32789965,ENSBTAG00000003110,TAFA4,protein_coding,TRUE
an1,22,32721303,4.9161e-8,32582496,32789965,ENSBTAG00000003110,TAFA4,protein_coding,TRUE
an1,22,32722413,3.51446e-8,32582496,32789965,ENSBTAG00000003110,TAFA4,protein_coding,TRUE
an1,22,32723906,3.51446e-8,32582496,32789965,ENSBTAG00000003110,TAFA4,protein_coding,TRUE
an1,22,32727628,4.39731e-8,32582496,32789965,ENSBTAG00000003110,TAFA4,protein_coding,TRUE
an1,22,32728887,5.52122e-8,32582496,32789965,ENSBTAG00000003110,TAFA4,protein_coding,TRUE
an1,22,32729818,2.17414e-8,32582496,32789965,ENSBTAG00000003110,TAFA4,protein_coding,TRUE
an1,22,32730402,2.17414e-8,32582496,32789965,ENSBTAG00000003110,TAFA4,protein_coding,TRUE
an1,22,32733253,4.89219e-8,32582496,32789965,ENSBTAG00000003110,TAFA4,protein_coding,TRUE
an1,22,32735631,8.75544e-8,32582496,32789965,ENSBTAG00000003110,TAFA4,protein_coding,TRUE
an1,22,32738596,9.32536e-8,32582496,32789965,ENSBTAG00000003110,TAFA4,protein_coding,TRUE
an1,22,32740432,9.32536e-8,32582496,32789965,ENSBTAG00000003110,TAFA4,protein_coding,TRUE
an1,22,32781757,1.36286e-6,32582496,32789965,ENSBTAG00000003110,TAFA4,protein_coding,TRUE
an1,22,32789622,3.57618e-7,32582496,32789965,ENSBTAG00000003110,TAFA4,protein_coding,TRUE
an1,22,32663366,5.42742e-9,32651367,32773899,ENSBTAG00000049502,,protein_coding,TRUE
an1,22,32690771,1.78322e-8,32651367,32773899,ENSBTAG00000049502,,protein_coding,TRUE
an1,22,32692460,7.65651e-9,32651367,32773899,ENSBTAG00000049502,,protein_coding,TRUE
an1,22,32702289,1.054e-8,32651367,32773899,ENSBTAG00000049502,,protein_coding,TRUE
an1,22,32703124,1.054e-8,32651367,32773899,ENSBTAG00000049502,,protein_coding,TRUE
an1,22,32703669,1.054e-8,32651367,32773899,ENSBTAG00000049502,,protein_coding,TRUE
an1,22,32704220,1.02771e-8,32651367,32773899,ENSBTAG00000049502,,protein_coding,TRUE
an1,22,32704977,1.5122e-8,32651367,32773899,ENSBTAG00000049502,,protein_coding,TRUE
an1,22,32706159,1.09559e-8,32651367,32773899,ENSBTAG00000049502,,protein_coding,TRUE
an1,22,32708536,2.85096e-8,32651367,32773899,ENSBTAG00000049502,,protein_coding,TRUE
an1,22,32709288,2.85096e-8,32651367,32773899,ENSBTAG00000049502,,protein_coding,TRUE
an1,22,32709942,2.85096e-8,32651367,32773899,ENSBTAG00000049502,,protein_coding,TRUE
an1,22,32711432,1.31318e-7,32651367,32773899,ENSBTAG00000049502,,protein_coding,TRUE
an1,22,32712108,1.35753e-8,32651367,32773899,ENSBTAG00000049502,,protein_coding,TRUE
an1,22,32712831,1.35753e-8,32651367,32773899,ENSBTAG00000049502,,protein_coding,TRUE
an1,22,32714255,3.27747e-9,32651367,32773899,ENSBTAG00000049502,,protein_coding,TRUE
an1,22,32718597,9.22769e-8,32651367,32773899,ENSBTAG00000049502,,protein_coding,TRUE
an1,22,32721303,4.9161e-8,32651367,32773899,ENSBTAG00000049502,,protein_coding,TRUE
an1,22,32722413,3.51446e-8,32651367,32773899,ENSBTAG00000049502,,protein_coding,TRUE
an1,22,32723906,3.51446e-8,32651367,32773899,ENSBTAG00000049502,,protein_coding,TRUE
an1,22,32727628,4.39731e-8,32651367,32773899,ENSBTAG00000049502,,protein_coding,TRUE
an1,22,32728887,5.52122e-8,32651367,32773899,ENSBTAG00000049502,,protein_coding,TRUE
an1,22,32729818,2.17414e-8,32651367,32773899,ENSBTAG00000049502,,protein_coding,TRUE
an1,22,32730402,2.17414e-8,32651367,32773899,ENSBTAG00000049502,,protein_coding,TRUE
an1,22,32733253,4.89219e-8,32651367,32773899,ENSBTAG00000049502,,protein_coding,TRUE
an1,22,32735631,8.75544e-8,32651367,32773899,ENSBTAG00000049502,,protein_coding,TRUE
an1,22,32738596,9.32536e-8,32651367,32773899,ENSBTAG00000049502,,protein_coding,TRUE
an1,22,32740432,9.32536e-8,32651367,32773899,ENSBTAG00000049502,,protein_coding,TRUE
an1,22,32781757,1.36286e-6,32651367,32773899,ENSBTAG00000049502,,protein_coding,FALSE
an1,22,32956941,4.71917e-7,32966389,33471943,ENSBTAG00000019041,TAFA1,protein_coding,FALSE
an1,22,32960039,5.40797e-7,32966389,33471943,ENSBTAG00000019041,TAFA1,protein_coding,FALSE
an1,22,32963493,4.71917e-7,32966389,33471943,ENSBTAG00000019041,TAFA1,protein_coding,FALSE
an1,22,32966194,2.36903e-6,32966389,33471943,ENSBTAG00000019041,TAFA1,protein_coding,FALSE
an1,22,32979644,2.24182e-7,32966389,33471943,ENSBTAG00000019041,TAFA1,protein_coding,TRUE
an1,22,32979644,2.24182e-7,32981125,33061928,ENSBTAG00000048492,,protein_coding,FALSE
an1,23,34448586,2.13609e-6,34453666,34454593,ENSBTAG00000038430,,protein_coding,FALSE
an1,23,34449074,5.76523e-6,34453666,34454593,ENSBTAG00000038430,,protein_coding,FALSE
an1,23,34947919,8.36712e-6,34947950,34959598,ENSBTAG00000036106,PRP9,protein_coding,FALSE
an1,23,35324168,3.8022e-8,35332705,35341607,ENSBTAG00000015274,PRL,protein_coding,FALSE
an1,23,35332944,5.39803e-8,35332705,35341607,ENSBTAG00000015274,PRL,protein_coding,TRUE
an1,23,35335325,5.87601e-7,35332705,35341607,ENSBTAG00000015274,PRL,protein_coding,TRUE
an1,23,36461579,3.22171e-6,36224039,36465322,ENSBTAG00000048544,,lncRNA,TRUE
an1,23,36473573,2.47114e-6,36224039,36465322,ENSBTAG00000048544,,lncRNA,FALSE
an1,23,36487089,2.62907e-6,36493500,36516957,ENSBTAG00000050671,,lncRNA,FALSE
an1,23,36551868,5.84272e-7,36537388,36573775,ENSBTAG00000049335,,lncRNA,TRUE
an1,23,36669032,7.57878e-6,36666891,36669029,ENSBTAG00000053846,,lncRNA,FALSE
an1,23,36678589,4.07861e-7,36666891,36669029,ENSBTAG00000053846,,lncRNA,FALSE
an1,23,37029429,1.92256e-7,36745642,37444814,ENSBTAG00000025589,CDKAL1,protein_coding,TRUE
an1,23,37071156,2.32887e-9,36745642,37444814,ENSBTAG00000025589,CDKAL1,protein_coding,TRUE
an1,23,37077780,1.58705e-8,36745642,37444814,ENSBTAG00000025589,CDKAL1,protein_coding,TRUE
an1,23,37089590,5.49246e-9,36745642,37444814,ENSBTAG00000025589,CDKAL1,protein_coding,TRUE
an1,23,37092596,5.49246e-9,36745642,37444814,ENSBTAG00000025589,CDKAL1,protein_coding,TRUE
an1,23,37106836,5.49246e-9,36745642,37444814,ENSBTAG00000025589,CDKAL1,protein_coding,TRUE
an1,23,37123086,3.52448e-9,36745642,37444814,ENSBTAG00000025589,CDKAL1,protein_coding,TRUE
an1,23,37124333,5.49246e-9,36745642,37444814,ENSBTAG00000025589,CDKAL1,protein_coding,TRUE
an1,23,37130694,1.08468e-8,36745642,37444814,ENSBTAG00000025589,CDKAL1,protein_coding,TRUE
an1,23,37136970,3.10827e-6,36745642,37444814,ENSBTAG00000025589,CDKAL1,protein_coding,TRUE
an1,23,37137667,1.57121e-8,36745642,37444814,ENSBTAG00000025589,CDKAL1,protein_coding,TRUE
an1,23,37140128,3.74337e-9,36745642,37444814,ENSBTAG00000025589,CDKAL1,protein_coding,TRUE
an1,23,37145893,3.10827e-6,36745642,37444814,ENSBTAG00000025589,CDKAL1,protein_coding,TRUE
an1,23,37147881,5.95557e-6,36745642,37444814,ENSBTAG00000025589,CDKAL1,protein_coding,TRUE
an1,23,37152424,4.38456e-9,36745642,37444814,ENSBTAG00000025589,CDKAL1,protein_coding,TRUE
an1,23,37160116,2.19659e-8,36745642,37444814,ENSBTAG00000025589,CDKAL1,protein_coding,TRUE
an1,23,37220454,5.26654e-9,36745642,37444814,ENSBTAG00000025589,CDKAL1,protein_coding,TRUE
an1,23,37573360,2.9623e-8,37486847,37569408,ENSBTAG00000021045,E2F3,protein_coding,FALSE
an1,23,37760224,7.74848e-7,37723596,37834307,ENSBTAG00000016519,MBOAT1,protein_coding,TRUE
bg1,6,102732211,8.25982e-6,102716789,102881084,ENSBTAG00000020598,PPP2R2C,protein_coding,TRUE
bg1,6,102743142,8.25982e-6,102716789,102881084,ENSBTAG00000020598,PPP2R2C,protein_coding,TRUE
bg1,8,99041156,2.53856e-6,98927206,99092707,ENSBTAG00000018841,PTPN3,protein_coding,TRUE
bg1,8,99045125,2.01794e-6,98927206,99092707,ENSBTAG00000018841,PTPN3,protein_coding,TRUE
bg1,8,99056945,3.4188e-7,98927206,99092707,ENSBTAG00000018841,PTPN3,protein_coding,TRUE
bg1,8,99058975,7.13948e-7,98927206,99092707,ENSBTAG00000018841,PTPN3,protein_coding,TRUE
bg1,8,99062131,3.69004e-7,98927206,99092707,ENSBTAG00000018841,PTPN3,protein_coding,TRUE
bg1,10,12539114,9.49516e-6,12524013,12550520,ENSBTAG00000025826,SLC24A1,protein_coding,TRUE
bg1,10,12549676,8.46478e-6,12524013,12550520,ENSBTAG00000025826,SLC24A1,protein_coding,TRUE
bg1,10,12549676,8.46478e-6,12556380,12638806,ENSBTAG00000017095,DENND4A,protein_coding,FALSE
bg1,10,12590725,2.39092e-7,12556380,12638806,ENSBTAG00000017095,DENND4A,protein_coding,TRUE
bg1,10,12605113,2.293e-7,12556380,12638806,ENSBTAG00000017095,DENND4A,protein_coding,TRUE
bg1,11,21065567,3.20918e-6,21021076,21075762,ENSBTAG00000021102,GALM,protein_coding,TRUE
bg1,15,63637811,5.34628e-6,63556795,63634185,ENSBTAG00000014399,QSER1,protein_coding,FALSE
bg1,19,43429954,7.01043e-6,43415313,43443775,ENSBTAG00000008339,DHX8,protein_coding,TRUE
hfd1,5,65702164,2.95882e-6,65703174,65738912,ENSBTAG00000017287,DRAM1,protein_coding,FALSE
hfd1,5,65706236,9.39806e-6,65703174,65738912,ENSBTAG00000017287,DRAM1,protein_coding,TRUE
hfd1,5,65707177,2.95882e-6,65703174,65738912,ENSBTAG00000017287,DRAM1,protein_coding,TRUE
hfd1,5,65724321,2.95882e-6,65703174,65738912,ENSBTAG00000017287,DRAM1,protein_coding,TRUE
hfd1,5,65725616,9.39806e-6,65703174,65738912,ENSBTAG00000017287,DRAM1,protein_coding,TRUE
hfd1,5,65728430,2.95882e-6,65703174,65738912,ENSBTAG00000017287,DRAM1,protein_coding,TRUE
hfd1,5,65738474,6.6604e-6,65703174,65738912,ENSBTAG00000017287,DRAM1,protein_coding,TRUE
hfd1,6,32384007,8.04226e-6,32388051,32388157,ENSBTAG00000042132,U6,snRNA,FALSE
hfd1,6,32387773,8.04226e-6,32388051,32388157,ENSBTAG00000042132,U6,snRNA,FALSE
hfd1,6,32388515,8.04226e-6,32388051,32388157,ENSBTAG00000042132,U6,snRNA,FALSE
hfd1,7,63013414,4.06568e-6,63021619,63108191,ENSBTAG00000014395,GLRA1,protein_coding,FALSE
hfd1,7,63017288,4.06568e-6,63021619,63108191,ENSBTAG00000014395,GLRA1,protein_coding,FALSE
hfd1,7,63023054,4.06568e-6,63021619,63108191,ENSBTAG00000014395,GLRA1,protein_coding,TRUE
hfd1,7,63026025,4.06568e-6,63021619,63108191,ENSBTAG00000014395,GLRA1,protein_coding,TRUE
hfd1,9,15099569,3.88114e-6,14918898,15136983,ENSBTAG00000000053,FILIP1,protein_coding,TRUE
hfd1,9,102330648,7.50499e-6,102278808,102392284,ENSBTAG00000005557,AFDN,protein_coding,TRUE
hfd1,9,102335228,9.56297e-6,102278808,102392284,ENSBTAG00000005557,AFDN,protein_coding,TRUE
hfd1,9,102809136,3.16182e-6,102645195,102803012,ENSBTAG00000013176,SMOC2,protein_coding,FALSE
hfd1,12,17808645,2.81486e-6,17809328,17853938,ENSBTAG00000006759,SUCLA2,protein_coding,FALSE
hfd1,12,18929096,9.97549e-6,18919920,19003107,ENSBTAG00000034222,CAB39L,protein_coding,TRUE
hfd1,17,63734585,7.78548e-6,63696948,63726368,ENSBTAG00000002697,KCTD10,protein_coding,FALSE
hfd1,17,63735857,7.78548e-6,63696948,63726368,ENSBTAG00000002697,KCTD10,protein_coding,FALSE
hfd1,17,63734585,7.78548e-6,63725969,63733889,ENSBTAG00000002695,MYO1H,protein_coding,FALSE
hfd1,17,63735857,7.78548e-6,63725969,63733889,ENSBTAG00000002695,MYO1H,protein_coding,FALSE
hfd1,17,63739531,7.78548e-6,63725969,63733889,ENSBTAG00000002695,MYO1H,protein_coding,FALSE
hfd1,19,21935108,6.82027e-6,21889110,22053102,ENSBTAG00000000855,NXN,protein_coding,TRUE
hfd1,19,21941540,6.82027e-6,21889110,22053102,ENSBTAG00000000855,NXN,protein_coding,TRUE
hfd1,19,21947364,6.82027e-6,21889110,22053102,ENSBTAG00000000855,NXN,protein_coding,TRUE
hfd1,19,21948727,6.82027e-6,21889110,22053102,ENSBTAG00000000855,NXN,protein_coding,TRUE
hfd1,19,21951211,7.60053e-6,21889110,22053102,ENSBTAG00000000855,NXN,protein_coding,TRUE
hfd1,19,21958231,7.60053e-6,21889110,22053102,ENSBTAG00000000855,NXN,protein_coding,TRUE
hfd1,19,21972669,7.60053e-6,21889110,22053102,ENSBTAG00000000855,NXN,protein_coding,TRUE
hfd1,19,21973331,6.82027e-6,21889110,22053102,ENSBTAG00000000855,NXN,protein_coding,TRUE
hfd1,19,21979848,6.82027e-6,21889110,22053102,ENSBTAG00000000855,NXN,protein_coding,TRUE
hfd1,19,51493468,6.39758e-6,51483169,51493993,ENSBTAG00000019972,TEPSIN,protein_coding,TRUE
hfd1,19,51493468,6.39758e-6,51500747,51517013,ENSBTAG00000000875,CEP131,protein_coding,FALSE
hfd1,19,51509147,2.04626e-6,51500747,51517013,ENSBTAG00000000875,CEP131,protein_coding,TRUE
hfd1,19,60782878,8.78893e-6,60782458,60796564,ENSBTAG00000053428,,lncRNA,TRUE
hfd1,19,61615332,2.22094e-6,61595260,61612886,ENSBTAG00000024899,MGC134105,protein_coding,FALSE
hfd1,24,53616311,4.32056e-6,53580798,53648542,ENSBTAG00000037457,MBD2,protein_coding,TRUE
igs1,4,27441091,9.54023e-6,27093041,27667961,ENSBTAG00000003808,HDAC9,protein_coding,TRUE
igs1,5,20835811,4.23154e-6,20831998,20833802,ENSBTAG00000007035,CCER1,protein_coding,FALSE
igs1,5,20837004,3.55784e-6,20831998,20833802,ENSBTAG00000007035,CCER1,protein_coding,FALSE
igs1,5,20839747,5.33593e-6,20831998,20833802,ENSBTAG00000007035,CCER1,protein_coding,FALSE
igs1,5,20835811,4.23154e-6,20843517,20884065,ENSBTAG00000007990,EPYC,protein_coding,FALSE
igs1,5,20837004,3.55784e-6,20843517,20884065,ENSBTAG00000007990,EPYC,protein_coding,FALSE
igs1,5,20839747,5.33593e-6,20843517,20884065,ENSBTAG00000007990,EPYC,protein_coding,FALSE
igs1,5,22023908,1.75464e-6,22012139,22016602,ENSBTAG00000020330,BTG1,protein_coding,FALSE
igs1,5,22023908,1.75464e-6,22018683,22029127,ENSBTAG00000051951,,lncRNA,TRUE
igs1,5,23475476,4.18194e-8,23473232,23664529,ENSBTAG00000051267,CRADD,protein_coding,TRUE
igs1,5,23510833,5.96229e-6,23473232,23664529,ENSBTAG00000051267,CRADD,protein_coding,TRUE
igs1,5,23513901,5.96229e-6,23473232,23664529,ENSBTAG00000051267,CRADD,protein_coding,TRUE
igs1,5,23606184,7.47243e-6,23473232,23664529,ENSBTAG00000051267,CRADD,protein_coding,TRUE
igs1,5,24324782,8.99694e-7,24070404,24345243,ENSBTAG00000004484,CEP83,protein_coding,TRUE
igs1,5,24324782,8.99694e-7,24306913,24595494,ENSBTAG00000014375,TMCC3,protein_coding,TRUE
igs1,7,51805164,7.42298e-6,51795499,51800408,ENSBTAG00000015042,WDR55,protein_coding,FALSE
igs1,7,51805164,7.42298e-6,51800738,51803455,ENSBTAG00000018845,DND1,protein_coding,FALSE
igs1,7,51805164,7.42298e-6,51803863,51817052,ENSBTAG00000018847,HARS1,protein_coding,TRUE
igs1,13,56541774,7.08535e-6,56543258,56546979,ENSBTAG00000050877,,lncRNA,FALSE
igs1,13,61102213,1.41835e-6,61107684,61147486,ENSBTAG00000008840,HM13,protein_coding,FALSE
igs1,13,61113310,2.20808e-6,61107684,61147486,ENSBTAG00000008840,HM13,protein_coding,TRUE
igs1,17,22375838,2.97062e-6,22384934,22385251,ENSBTAG00000043885,7SK,misc_RNA,FALSE
igs1,17,22378628,2.9662e-6,22384934,22385251,ENSBTAG00000043885,7SK,misc_RNA,FALSE
igs1,17,22388555,2.9662e-6,22384934,22385251,ENSBTAG00000043885,7SK,misc_RNA,FALSE
igs1,17,22389636,2.9662e-6,22384934,22385251,ENSBTAG00000043885,7SK,misc_RNA,FALSE
igs1,17,22390235,2.9662e-6,22384934,22385251,ENSBTAG00000043885,7SK,misc_RNA,FALSE
igs1,17,22396100,2.75608e-6,22402094,22402201,ENSBTAG00000045176,U6,snRNA,FALSE
igs1,17,22403872,7.92165e-6,22402094,22402201,ENSBTAG00000045176,U6,snRNA,FALSE
igs1,17,22406594,7.92165e-6,22402094,22402201,ENSBTAG00000045176,U6,snRNA,FALSE
igs1,17,46339007,1.26653e-6,46316500,46383190,ENSBTAG00000007988,STX2,protein_coding,TRUE
igs1,17,46370371,1.8351e-6,46316500,46383190,ENSBTAG00000007988,STX2,protein_coding,TRUE
igs1,19,43111566,4.25822e-6,43069372,43139018,ENSBTAG00000022520,BRCA1,protein_coding,TRUE
igs1,20,63855159,4.68796e-6,63654369,64216207,ENSBTAG00000005021,SEMA5A,protein_coding,TRUE
igs1,20,63857664,4.47571e-6,63654369,64216207,ENSBTAG00000005021,SEMA5A,protein_coding,TRUE
igs1,20,63859798,3.64058e-6,63654369,64216207,ENSBTAG00000005021,SEMA5A,protein_coding,TRUE
igs1,21,44284353,8.34414e-6,44020190,44285742,ENSBTAG00000004462,NPAS3,protein_coding,TRUE
igs1,23,36410494,4.79323e-6,36224039,36465322,ENSBTAG00000048544,,lncRNA,TRUE
igs1,23,37029429,5.50126e-7,36745642,37444814,ENSBTAG00000025589,CDKAL1,protein_coding,TRUE
igs1,23,37077780,6.67665e-7,36745642,37444814,ENSBTAG00000025589,CDKAL1,protein_coding,TRUE
igs1,23,37089590,2.56059e-6,36745642,37444814,ENSBTAG00000025589,CDKAL1,protein_coding,TRUE
igs1,23,37092596,2.56059e-6,36745642,37444814,ENSBTAG00000025589,CDKAL1,protein_coding,TRUE
igs1,23,37106836,2.56059e-6,36745642,37444814,ENSBTAG00000025589,CDKAL1,protein_coding,TRUE
igs1,23,37123086,3.4832e-7,36745642,37444814,ENSBTAG00000025589,CDKAL1,protein_coding,TRUE
igs1,23,37124333,7.92319e-7,36745642,37444814,ENSBTAG00000025589,CDKAL1,protein_coding,TRUE
igs1,23,37130694,1.9274e-6,36745642,37444814,ENSBTAG00000025589,CDKAL1,protein_coding,TRUE
igs1,23,37137667,2.79098e-7,36745642,37444814,ENSBTAG00000025589,CDKAL1,protein_coding,TRUE
igs1,23,37140128,6.31446e-7,36745642,37444814,ENSBTAG00000025589,CDKAL1,protein_coding,TRUE
igs1,23,37152424,7.97779e-8,36745642,37444814,ENSBTAG00000025589,CDKAL1,protein_coding,TRUE
igs1,23,37160116,2.88631e-8,36745642,37444814,ENSBTAG00000025589,CDKAL1,protein_coding,TRUE
igs1,23,37220454,2.58071e-7,36745642,37444814,ENSBTAG00000025589,CDKAL1,protein_coding,TRUE
igs1,23,37573360,3.8909e-6,37486847,37569408,ENSBTAG00000021045,E2F3,protein_coding,FALSE
igs1,24,32299253,7.90032e-6,32306070,32535370,ENSBTAG00000023259,OSBPL1A,protein_coding,FALSE
igs1,26,15365898,6.48866e-6,15365645,15368936,ENSBTAG00000051283,,protein_coding,TRUE
igs1,26,15371323,6.48866e-6,15365645,15368936,ENSBTAG00000051283,,protein_coding,FALSE
igs1,26,15365898,6.48866e-6,15374939,15399424,ENSBTAG00000010105,SLC35G1,protein_coding,FALSE
igs1,26,15371323,6.48866e-6,15374939,15399424,ENSBTAG00000010105,SLC35G1,protein_coding,FALSE
igs1,28,43103785,6.22273e-6,43020182,43268260,ENSBTAG00000023028,WDFY4,protein_coding,TRUE
